logdir,hostpair,server,client,bw_limit,repetition,goodput,server_cpu,server_cpu_avg,client_cpu,client_cpu_avg,client_ethtool_rx_total_discard_pkts,client_ethtool_tx_total_discard_pkts,client_ethtool_rx_bytes,client_ethtool_tx_bytes,client_ethtool_rx_total_frames,client_ethtool_tx_total_frames,server_ethtool_rx_total_discard_pkts,server_ethtool_tx_total_discard_pkts,server_ethtool_rx_bytes,server_ethtool_tx_bytes,server_ethtool_rx_total_frames,server_ethtool_tx_total_frames,client_netstat_packets_received,client_netstat_packets_to_unknown_port_received,client_netstat_packet_receive_errors,client_netstat_packets_sent,client_netstat_receive_buffer_errors,client_netstat_send_buffer_errors,server_netstat_packets_received,server_netstat_packets_to_unknown_port_received,server_netstat_packet_receive_errors,server_netstat_packets_sent,server_netstat_receive_buffer_errors,server_netstat_send_buffer_errors,client_runtime
../../results/offloading/goracle/off/run2,goracle-gard,tcp+tls,tcp+tls,none,1,5006.003807272631,"[100.0, 100.0, 100.0, 100.0, 99.0, 100.0, 99.0, 100.0, 100.0, 100.0, 100.0, 100.0, 100.0]",99.84615384615384,"[97.0, 98.0, 93.0, 89.0, 88.0, 88.0, 88.0, 88.0]",91.125,0,0,9029977726,59575011,6121506,851057,0,0,59575011,9029977726,851057,6121506,0,0,0,0,0,0,0,0,0,0,0,0,13.72741158
../../results/offloading/goracle/off/run2,goracle-gard,tcp+tls,tcp+tls,none,2,5563.6471455001965,"[77.0, 79.0, 75.0, 73.0, 73.0, 73.0, 74.0, 73.0, 70.0, 72.0, 75.0, 75.0]",74.08333333333333,"[101.0, 99.0, 100.0, 100.0, 100.0, 100.0, 99.01]",99.85857142857142,0,0,9021495616,24639829,6000333,351984,0,0,24639829,9021495616,351984,6000333,0,0,0,0,0,0,0,0,0,0,0,0,12.351516504
../../results/offloading/goracle/off/run2,goracle-gard,tcp+tls,tcp+tls,none,3,4988.3103179469545,"[101.0, 98.0, 101.0, 100.0, 100.0, 100.0, 100.0, 99.0, 100.0, 101.0, 100.0, 99.0, 100.0]",99.92307692307692,"[92.0, 101.0, 88.0, 86.0, 86.0, 96.0, 95.0, 100.0]",93.0,0,0,9029144376,55124971,6109601,787485,0,0,55124971,9029144376,787485,6109601,0,0,0,0,0,0,0,0,0,0,0,0,13.776103134
../../results/offloading/goracle/off/run2,goracle-gard,tcp+tls,tcp+tls,none,4,5378.58849453868,"[100.0, 100.0, 100.0, 100.0, 100.0, 96.0, 80.0, 80.0, 81.0, 79.0, 80.0, 81.0]",89.75,"[83.0, 90.0, 79.0, 79.0, 95.0, 100.0, 100.0]",89.42857142857143,0,0,9025966516,49351045,6064203,705000,0,0,49351045,9025966516,705000,6064203,0,0,0,0,0,0,0,0,0,0,0,0,12.776488817
../../results/offloading/goracle/off/run2,goracle-gard,tcp+tls,tcp+tls,none,5,5014.512551737182,"[99.0, 100.0, 99.0, 98.0, 100.0, 101.0, 99.0, 100.0, 99.0, 99.0, 101.0, 100.0, 99.0]",99.53846153846153,"[100.0, 100.0, 100.0, 100.0, 100.0, 99.0, 100.0, 101.0, 100.0]",100.0,0,0,9025571786,30942313,6058564,442020,0,0,30942313,9025571786,442020,6058564,1,0,0,1,0,0,1,0,0,1,0,0,13.704119041
../../results/offloading/goracle/off/run2,goracle-gard,tcp+tls,tcp+tls,none,6,5121.725129408019,"[100.0, 100.0, 101.0, 99.0, 101.0, 99.0, 100.0, 101.0, 99.0, 101.0, 100.0, 99.0, 100.0]",100.0,"[79.0, 92.0, 92.0, 91.0, 91.0, 92.0, 91.0, 91.0, 92.0]",90.11111111111111,0,0,9028068476,45536989,6094231,650514,0,0,45536989,9028068476,650514,6094231,0,0,0,0,0,0,0,0,0,0,0,0,13.417251653
../../results/offloading/goracle/off/run2,goracle-gard,tcp+tls,tcp+tls,none,7,7796.280099605269,"[69.0, 71.0, 71.0, 70.0, 71.0, 67.0, 62.0, 61.0]",67.75,"[100.0, 100.0, 100.0]",100.0,0,0,9020588074,57019133,5987371,814547,0,0,57019405,9020588346,814548,5987372,0,0,0,0,0,0,0,0,0,0,0,0,8.814392724
../../results/offloading/goracle/off/run2,goracle-gard,tcp+tls,tcp+tls,none,8,7944.291128580001,"[89.0, 84.0, 83.0, 82.0, 83.0, 80.0, 83.0, 80.0]",83.0,"[100.0, 100.0, 99.01]",99.67,0,0,9021967416,61091067,6007073,872717,0,0,61091067,9021967416,872717,6007073,0,0,0,0,0,0,0,0,0,0,0,0,8.650170982
../../results/offloading/goracle/off/run2,goracle-gard,tcp+tls,tcp+tls,none,9,5096.157083860603,"[100.0, 99.0, 101.0, 100.0, 99.0, 100.0, 101.0, 100.0, 99.0, 100.0, 100.0, 99.0, 100.0]",99.84615384615384,"[95.0, 96.0, 96.0, 95.0, 95.0, 96.0, 95.0, 97.0]",95.625,0,0,9028626306,37998689,6102200,542824,0,0,37998689,9028626306,542824,6102200,0,0,0,0,0,0,0,0,0,0,0,0,13.484567251
../../results/offloading/goracle/off/run2,goracle-gard,tcp+tls,tcp+tls,none,10,5103.149966768379,"[100.0, 101.0, 99.0, 100.0, 100.0, 100.0, 100.0, 100.0, 100.0, 100.0, 100.0, 100.0]",100.0,"[94.0, 96.0, 96.0, 96.0, 95.0, 97.0, 95.0, 97.0]",95.75,0,0,9028128606,37060257,6095090,529418,0,0,37060257,9028128606,529418,6095090,0,0,0,0,0,0,0,0,0,0,0,0,13.466089894
../../results/offloading/goracle/off/run2,goracle-gard,tcp+tls,tcp+tls,none,11,5551.078529457049,"[99.0, 101.0, 93.0, 70.0, 73.0, 71.0, 72.0, 72.0, 71.0, 72.0, 71.0]",78.63636363636364,"[85.0, 87.0, 99.0, 100.0, 100.0, 100.0, 101.0]",96.0,0,0,9023037444,40632431,6022362,580454,0,0,40632703,9023037716,580455,6022363,0,0,0,0,0,0,0,0,0,0,0,0,12.379482282
../../results/offloading/goracle/off/run2,goracle-gard,tcp+tls,tcp+tls,none,12,5530.087440425568,"[99.0, 100.0, 101.0, 98.0, 90.0, 92.0, 91.0, 91.0, 91.0, 89.0, 92.0, 92.0]",93.83333333333333,"[73.0, 73.0, 94.0, 101.0, 100.0, 99.0, 101.0]",91.57142857142857,0,0,9024443666,45089385,6042448,644120,0,0,45089385,9024443666,644120,6042448,0,0,0,0,0,0,0,0,0,0,0,0,12.426472656
../../results/offloading/goracle/off/run2,goracle-gard,tcp+tls,tcp+tls,none,13,4999.469401515596,"[100.0, 100.0, 100.0, 100.0, 99.0, 100.0, 99.0, 99.0, 100.0, 101.0, 100.0, 86.0, 86.0]",97.6923076923077,"[74.26, 75.0, 75.0, 74.0, 75.0, 76.0, 87.0, 86.0, 87.0]",78.80666666666667,0,0,9029563746,68496149,6115592,978502,0,0,68496149,9029563746,978502,6115592,0,0,0,0,0,0,0,0,0,0,0,0,13.745353988
../../results/offloading/goracle/off/run2,goracle-gard,tcp+tls,tcp+tls,none,14,5041.70640581849,"[100.0, 100.0, 100.0, 100.0, 100.0, 99.0, 99.0, 100.0, 100.0, 100.0, 100.0, 101.0, 98.0]",99.76923076923077,"[71.0, 71.0, 72.0, 70.0, 70.0, 93.0, 96.0, 85.0, 82.0]",78.88888888888889,0,0,9029700876,66802091,6117551,954301,0,0,66802091,9029700876,954301,6117551,0,0,0,0,0,0,0,0,0,0,0,0,13.630202051
../../results/offloading/goracle/off/run2,goracle-gard,tcp+tls,tcp+tls,none,15,5333.377990831674,"[50.0, 50.0, 51.0, 47.0, 45.0, 48.0, 46.0, 48.0, 44.0, 46.0, 45.0, 46.0]",47.166666666666664,"[101.0, 99.0, 100.0, 100.0, 100.0, 100.0, 100.0]",100.0,0,0,9025099566,25972083,6051818,371015,0,0,25972083,9025099566,371015,6051818,0,0,0,0,0,0,0,0,0,0,0,0,12.884794571
../../results/offloading/goracle/off/run2,goracle-gard,tcp+tls,tcp+tls,none,16,5198.480411481921,"[100.0, 99.0, 101.0, 100.0, 100.0, 90.0, 88.0, 100.0, 100.0, 100.0, 100.0, 99.0]",98.08333333333333,"[78.0, 77.0, 78.0, 78.0, 79.0, 100.0, 94.0, 94.0, 93.0]",85.66666666666667,0,0,9030817172,71870319,6133498,1026704,0,0,71870393,9030817172,1026705,6133498,0,0,0,0,0,0,0,0,0,0,0,0,13.21914643
../../results/offloading/goracle/off/run2,goracle-gard,tcp+tls,tcp+tls,none,17,5515.544550280246,"[74.0, 74.0, 76.0, 81.0, 79.0, 88.0, 86.0, 88.0, 87.0, 86.0, 87.0, 88.0]",82.83333333333333,"[99.0, 101.0, 101.0, 84.16, 78.0, 79.0, 77.0]",88.45142857142856,0,0,9020621714,58707053,5987828,838672,0,0,58707053,9020621714,838672,5987828,0,0,0,0,0,0,0,0,0,0,0,0,12.459237195
../../results/offloading/goracle/off/run2,goracle-gard,tcp+tls,tcp+tls,none,18,5227.831716398012,"[99.0, 101.0, 99.0, 100.0, 100.0, 101.0, 98.0, 100.0, 100.0, 96.0, 93.0, 95.0]",98.5,"[100.0, 100.0, 99.0, 100.0, 98.0, 99.0, 99.0, 100.0, 100.0]",99.44444444444444,0,0,9025870546,32670439,6062832,466707,0,0,32670439,9025870546,466707,6062832,0,0,0,0,0,0,0,0,0,0,0,0,13.144929074
../../results/offloading/goracle/off/run2,goracle-gard,tcp+tls,tcp+tls,none,19,4989.648994253511,"[100.0, 99.0, 101.0, 100.0, 99.0, 101.0, 100.0, 100.0, 100.0, 100.0, 100.0, 100.0, 99.0]",99.92307692307692,"[92.0, 93.0, 92.0, 92.0, 93.0, 94.0, 95.0, 93.0]",93.0,0,0,9028861016,38920765,6105553,555996,0,0,38920765,9028861016,555996,6105553,0,0,0,0,0,0,0,0,0,0,0,0,13.772406438
../../results/offloading/goracle/off/run2,goracle-gard,tcp+tls,tcp+tls,none,20,5582.455678238192,"[59.0, 57.0, 57.0, 57.0, 56.0, 57.0, 56.0, 57.0, 58.0, 57.0, 56.0]",57.0,"[99.0, 101.0, 100.0, 99.0, 100.0, 100.0, 100.0]",99.85714285714286,0,0,9023471856,24778851,6028565,353969,0,0,24778851,9023471856,353969,6028565,0,0,0,0,0,0,0,0,0,0,0,0,12.309901651
../../results/offloading/goracle/off/run2,goracle-gard,tcp+tls,tcp+tls,none,21,4919.330225512777,"[100.0, 99.0, 100.0, 101.0, 99.0, 100.0, 101.0, 100.0, 100.0, 100.0, 100.0, 99.0, 100.0]",99.92307692307692,"[86.0, 86.0, 85.0, 85.0, 85.0, 92.0, 85.0, 85.0, 85.0]",86.0,0,0,9030525616,66961901,6129333,956584,0,0,66961901,9030525616,956584,6129333,0,0,0,0,0,0,0,0,0,0,0,0,13.969275029
../../results/offloading/goracle/off/run2,goracle-gard,tcp+tls,tcp+tls,none,22,7803.6566787352485,"[87.0, 100.0, 99.0, 101.0, 100.0, 100.0, 100.0]",98.14285714285714,"[101.0, 100.0, 99.0, 100.0]",100.0,0,0,9026976616,65395157,6078633,934204,0,0,65395157,9026976616,934204,6078633,1,0,0,1,0,0,1,0,0,1,0,0,8.806061588
../../results/offloading/goracle/off/run2,goracle-gard,tcp+tls,tcp+tls,none,23,5066.5036557328785,"[100.0, 100.0, 100.0, 99.0, 99.0, 98.0, 98.0, 100.0, 95.0, 98.0, 98.0, 97.0, 98.0]",98.46153846153847,"[74.0, 74.0, 92.0, 99.0, 101.0, 99.0, 101.0, 100.0]",92.5,0,0,9025577946,43149873,6058652,616412,0,0,43149873,9025577946,616412,6058652,0,0,0,0,0,0,0,0,0,0,0,0,13.563491648
../../results/offloading/goracle/off/run2,goracle-gard,tcp+tls,tcp+tls,none,24,4907.2721825816225,"[100.0, 98.0, 101.0, 99.0, 101.0, 100.0, 100.0, 86.0, 88.0, 100.0, 100.0, 100.0, 100.0]",97.92307692307692,"[88.0, 88.0, 87.0, 87.0, 86.0, 97.0, 99.0, 89.0, 87.0]",89.77777777777777,0,0,9030032046,68540049,6122282,979130,0,0,68540049,9030032046,979130,6122282,0,0,0,0,0,0,0,0,0,0,0,0,14.003600203
../../results/offloading/goracle/off/run2,goracle-gard,tcp+tls,tcp+tls,none,25,5427.03490568757,"[99.0, 99.0, 81.0, 88.0, 100.0, 100.0, 100.0, 93.0, 83.0, 82.0, 85.0, 83.0]",91.08333333333333,"[73.0, 93.0, 100.0, 88.0, 86.0, 86.0, 92.0, 100.0]",89.75,0,0,9025991926,46605293,6064566,665776,0,0,46605293,9025991926,665776,6064566,0,0,0,0,0,0,0,0,0,0,0,0,12.662435409
../../results/offloading/goracle/off/run2,goracle-gard,tcp+tls,tcp+tls,none,26,5338.693981431272,"[63.0, 64.0, 65.0, 66.0, 63.0, 65.0, 64.0, 65.0, 64.0, 64.0, 63.0, 64.0]",64.16666666666667,"[100.0, 100.0, 100.0, 101.0, 100.0, 100.0, 99.0]",100.0,0,0,9023987896,26278205,6035937,375388,0,0,26278205,9023987896,375388,6035937,0,0,0,0,0,0,0,0,0,0,0,0,12.871963528
../../results/offloading/goracle/off/run2,goracle-gard,tcp+tls,tcp+tls,none,27,5185.48917758587,"[101.0, 100.0, 100.0, 100.0, 99.0, 100.0, 101.0, 100.0, 100.0, 100.0, 99.0, 101.0]",100.08333333333333,"[78.0, 77.0, 77.0, 77.0, 82.0, 91.0, 90.1, 90.0]",82.7625,0,0,9031885442,76965641,6148759,1099495,0,0,76965641,9031885442,1099495,6148759,0,0,0,0,0,0,0,0,0,0,0,0,13.252265534
../../results/offloading/goracle/off/run2,goracle-gard,tcp+tls,tcp+tls,none,28,5235.227585654178,"[99.0, 100.0, 101.0, 99.0, 101.0, 100.0, 100.0, 99.0, 100.0, 100.0, 101.0, 99.0, 100.0]",99.92307692307692,"[99.0, 100.0, 98.0, 98.0, 99.0, 98.0, 99.0, 99.0]",98.75,0,0,9026101896,31342121,6066137,447730,0,0,31342121,9026101896,447730,6066137,0,0,0,0,0,0,0,0,0,0,0,0,13.126359416
../../results/offloading/goracle/off/run2,goracle-gard,tcp+tls,tcp+tls,none,29,5082.25383817735,"[100.0, 100.0, 99.0, 101.0, 99.0, 100.0, 100.0, 100.0, 100.0, 100.0, 99.0, 101.0, 100.0]",99.92307692307692,"[97.0, 99.0, 98.0, 99.0, 99.0, 99.0, 98.0, 98.0]",98.375,0,0,9027565526,34971561,6087046,499580,0,0,34971561,9027565526,499580,6087046,0,0,0,0,0,0,0,0,0,0,0,0,13.521457154
../../results/offloading/goracle/off/run2,goracle-gard,tcp+tls,tcp+tls,none,30,5182.333382678493,"[67.0, 69.0, 69.0, 71.0, 100.0, 100.0, 99.0, 100.0, 100.0, 101.0, 100.0, 99.0]",89.58333333333333,"[100.0, 99.0, 101.0, 94.0, 92.0, 92.0, 91.0, 93.0, 92.0]",94.88888888888889,0,0,9028733756,57397475,6103735,819949,0,0,57397475,9028733756,819949,6103735,0,0,0,0,0,0,0,0,0,0,0,0,13.260335098
../../results/offloading/goracle/off/run2,goracle-gard,tcp+tls,tcp+tls,none,31,5442.190166872663,"[81.0, 80.0, 78.0, 78.0, 77.0, 78.0, 77.0, 78.0, 76.0, 77.0, 78.0, 77.0]",77.91666666666667,"[100.0, 100.0, 100.0, 100.0, 99.0, 100.0, 100.0]",99.85714285714286,0,0,9022367186,25756995,6012784,367943,0,0,25756995,9022367186,367943,6012784,0,0,0,0,0,0,0,0,0,0,0,0,12.627172902
../../results/offloading/goracle/off/run2,goracle-gard,tcp+tls,tcp+tls,none,32,5284.534332316842,"[100.0, 100.0, 100.0, 100.0, 100.0, 99.0, 84.0, 101.0, 99.0, 96.0, 82.0, 81.0]",95.16666666666667,"[78.0, 89.0, 92.0, 92.0, 96.0, 95.0, 91.0, 93.0]",90.75,0,0,9028794726,59923679,6104606,856039,0,0,59923679,9028794726,856039,6104606,0,0,0,0,0,0,0,0,0,0,0,0,13.003884865
../../results/offloading/goracle/off/run2,goracle-gard,tcp+tls,tcp+tls,none,33,5406.123719674302,"[91.0, 100.0, 100.0, 100.0, 94.0, 95.0, 97.0, 99.0, 97.0, 97.0, 99.0, 99.0]",97.33333333333333,"[86.0, 86.0, 88.12, 100.0, 99.0, 101.0, 99.0]",94.16,0,0,9026622136,45611149,6073569,651576,0,0,45611149,9026621864,651576,6073568,1,0,0,1,0,0,1,0,0,1,0,0,12.711414118
../../results/offloading/goracle/off/run2,goracle-gard,tcp+tls,tcp+tls,none,34,5566.687490815949,"[88.0, 85.0, 85.0, 86.0, 83.0, 86.0, 85.0, 84.0, 84.0, 84.0, 85.0, 84.0]",84.91666666666667,"[71.0, 72.0, 70.0, 72.0, 70.0, 71.0, 70.0]",70.85714285714286,0,0,9017337134,70957635,5940929,1013670,0,0,70957907,9017337406,1013671,5940930,0,0,0,0,0,0,0,0,0,0,0,0,12.344770338
../../results/offloading/goracle/off/run2,goracle-gard,tcp+tls,tcp+tls,none,35,5934.766192094783,"[50.0, 50.0, 55.0, 65.0, 63.0, 63.0, 61.0, 48.51, 54.0, 66.0, 66.0]",58.31909090909091,"[99.0, 100.0, 100.0, 101.0, 100.0, 99.0, 101.0]",100.0,0,0,9024959706,36329271,6049820,518975,0,0,36329271,9024959706,518975,6049820,0,0,0,0,0,0,0,0,0,0,0,0,11.579138171
../../results/offloading/goracle/off/run2,goracle-gard,tcp+tls,tcp+tls,none,36,5176.096071243871,"[101.0, 100.0, 100.0, 100.0, 98.0, 100.0, 99.0, 98.0, 99.0, 97.0, 98.0, 99.0, 96.0]",98.84615384615384,"[96.0, 96.0, 96.0, 97.0, 97.0, 98.0, 100.0, 97.0]",97.125,0,0,9025736356,33480715,6060915,478281,0,0,33480715,9025736356,478281,6060915,0,0,0,0,0,0,0,0,0,0,0,0,13.276313851
../../results/offloading/goracle/off/run2,goracle-gard,tcp+tls,tcp+tls,none,37,5375.738738359583,"[100.0, 100.0, 67.0, 65.0, 65.0, 64.0, 63.0, 66.0, 63.0, 64.0, 64.0, 70.0]",70.91666666666667,"[97.0, 97.0, 100.0, 101.0, 99.0, 100.0, 101.0, 100.0]",99.375,0,0,9023155112,27540427,6024040,393420,0,0,27540427,9023155112,393420,6024040,0,0,0,0,0,0,0,0,0,0,0,0,12.783261694
../../results/offloading/goracle/off/run2,goracle-gard,tcp+tls,tcp+tls,none,38,5824.156818141946,"[70.0, 70.0, 69.0, 67.0, 65.0, 96.0, 100.0, 100.0, 99.0, 101.0, 100.0]",85.18181818181819,"[100.0, 100.0, 100.0, 100.0, 97.0, 89.0, 88.0]",96.28571428571429,0,0,9024678522,73099467,6045803,1045730,0,0,73099467,9024678522,1045730,6045803,0,0,0,0,0,0,0,0,0,0,0,0,11.799043534
../../results/offloading/goracle/off/run2,goracle-gard,tcp+tls,tcp+tls,none,39,5000.466194859289,"[72.0, 72.0, 72.0, 72.0, 72.0, 72.0, 70.0, 71.0, 72.0, 71.0, 71.0, 71.0, 71.0]",71.46153846153847,"[100.0, 100.0, 100.0, 100.0, 100.0, 99.0, 101.0, 100.0]",100.0,0,0,9025871392,29288561,6062844,418393,0,0,29288561,9025871392,418393,6062844,0,0,0,0,0,0,1,0,0,1,0,0,13.74261399
../../results/offloading/goracle/off/run2,goracle-gard,tcp+tls,tcp+tls,none,40,5001.310869862818,"[77.0, 77.0, 78.0, 75.0, 77.0, 78.0, 79.0, 78.0, 79.0, 78.0, 81.0, 81.0, 80.0]",78.3076923076923,"[100.0, 100.0, 100.0, 99.0, 101.0, 100.0, 100.0, 99.0]",99.875,0,0,9024974972,28729119,6050038,410402,0,0,28729119,9024974972,410402,6050038,0,0,0,0,0,0,0,0,0,0,0,0,13.740292862
../../results/offloading/goracle/off/run2,goracle-gard,tcp+tls,tcp+tls,none,41,5010.524714718003,"[99.0, 100.0, 100.0, 100.0, 100.0, 100.0, 101.0, 99.0, 100.0, 100.0, 100.0, 100.0, 100.0]",99.92307692307692,"[96.0, 97.0, 95.0, 86.0, 69.0, 71.0, 84.0, 86.0]",85.5,0,0,9029799372,61177667,6118958,873952,0,0,61177667,9029799372,873952,6118958,0,0,0,0,0,0,0,0,0,0,0,0,13.71502619
../../results/offloading/goracle/off/run2,goracle-gard,tcp+tls,tcp+tls,none,42,5753.791987616192,"[100.0, 101.0, 82.0, 71.0, 71.0, 71.0, 71.0, 73.0, 72.0, 70.0, 72.0]",77.63636363636364,"[86.0, 100.0, 100.0, 100.0, 99.0, 101.0, 99.0]",97.85714285714286,0,0,9022168042,36715157,6009939,524617,0,0,36715157,9022168042,524617,6009939,0,0,0,0,0,0,0,0,0,0,0,0,11.94333617
../../results/offloading/goracle/off/run2,goracle-gard,tcp+tls,tcp+tls,none,43,5363.972480863188,"[94.0, 100.0, 101.0, 99.0, 106.0, 94.0, 99.0, 101.0, 100.0, 99.0, 101.0, 97.0]",99.25,"[76.0, 77.0, 78.0, 89.0, 90.0, 90.0, 91.0]",84.42857142857143,0,0,9031625036,70607489,6145039,1008664,0,0,70607489,9031625036,1008664,6145039,0,0,0,0,0,0,0,0,0,0,0,0,12.8113024
../../results/offloading/goracle/off/run2,goracle-gard,tcp+tls,tcp+tls,none,44,4849.281376190243,"[100.0, 99.0, 101.0, 99.0, 100.0, 101.0, 100.0, 100.0, 99.0, 101.0, 100.0, 100.0, 99.0]",99.92307692307692,"[74.0, 74.0, 75.0, 73.0, 73.0, 73.0, 74.0, 74.0, 74.0, 74.0]",73.8,0,0,9031670396,83847871,6145687,1197813,0,0,83847871,9031670396,1197813,6145687,1,0,0,1,0,0,0,0,0,0,0,0,14.171063696
../../results/offloading/goracle/off/run2,goracle-gard,tcp+tls,tcp+tls,none,45,5399.4560694881975,"[80.0, 79.0, 82.0, 82.0, 82.0, 83.0, 81.0, 81.0, 81.0, 83.0, 80.0, 81.0]",81.25,"[100.0, 99.0, 101.0, 99.0, 101.0, 100.0, 99.0, 101.0]",100.0,0,0,9023216360,26477005,6024915,378228,0,0,26477005,9023216360,378228,6024915,0,0,0,0,0,0,0,0,0,0,0,0,12.727110735
../../results/offloading/goracle/off/run2,goracle-gard,tcp+tls,tcp+tls,none,46,5782.663820192119,"[91.0, 88.0, 88.0, 89.0, 90.0, 90.0, 90.0, 90.0, 89.0, 89.0, 89.0]",89.36363636363636,"[100.0, 100.0, 100.0, 99.0, 100.0, 101.0, 100.0]",100.0,0,0,9021112226,26098663,5994856,372825,0,0,26098663,9021112226,372825,5994856,0,0,0,0,0,0,0,0,0,0,0,0,11.883706122
../../results/offloading/goracle/off/run2,goracle-gard,tcp+tls,tcp+tls,none,47,5022.381761072986,"[101.0, 99.0, 100.0, 100.0, 100.0, 97.0, 97.0, 98.0, 98.0, 100.0, 100.0, 99.0, 100.0]",99.15384615384616,"[74.0, 73.0, 81.0, 88.0, 100.0, 100.0, 99.0, 99.0]",89.25,0,0,9028136586,52334981,6095204,747628,0,0,52335253,9028136858,747629,6095205,0,0,0,0,0,0,0,0,0,0,0,0,13.682646765
../../results/offloading/goracle/off/run2,goracle-gard,tcp+tls,tcp+tls,none,48,4951.350145619942,"[100.0, 100.0, 98.0, 100.0, 100.0, 101.0, 99.0, 100.0, 100.0, 100.0, 100.0, 100.0, 100.0]",99.84615384615384,"[70.0, 77.0, 82.0, 82.0, 82.0, 81.0, 91.0, 92.0, 91.0]",83.11111111111111,0,0,9030204806,66993657,6124750,957038,0,0,66993657,9030204806,957038,6124750,0,0,0,0,0,0,0,0,0,0,0,0,13.878936583
../../results/offloading/goracle/off/run2,goracle-gard,tcp+tls,tcp+tls,none,49,5576.2655659895845,"[101.0, 99.0, 96.0, 93.0, 94.0, 95.0, 94.0, 94.0, 93.0, 93.0, 93.0, 93.0]",94.83333333333333,"[99.0, 100.0, 100.0, 100.0, 100.0, 100.0, 100.0]",99.85714285714286,0,0,9024321236,33061099,6040699,472287,0,0,33061099,9024321236,472287,6040699,0,0,0,0,0,0,0,0,0,0,0,0,12.323565601
../../results/offloading/goracle/off/run2,goracle-gard,tcp+tls,tcp+tls,none,50,5608.057051805964,"[86.0, 84.0, 85.0, 86.0, 85.0, 87.0, 89.0, 85.0, 85.0, 86.0, 84.0, 85.0]",85.58333333333333,"[100.0, 100.0, 100.0, 100.0, 99.0, 101.0, 100.0]",100.0,0,0,9022035526,25504971,6008046,364343,0,0,25504971,9022035526,364343,6008046,2,0,0,2,0,0,2,0,0,2,0,0,12.253705745
../../results/offloading/goracle/off/run2,goracle-gard,quiche,quiche,none,1,2575.4490799632813,"[100.0, 101.0, 99.0, 100.0, 100.0, 100.0, 100.0, 100.0, 100.0, 100.0, 100.0, 100.0, 100.0, 100.0, 100.0, 100.0, 100.0, 100.0, 100.0, 100.0, 100.0, 100.0, 100.0]",100.0,"[77.0, 78.0, 76.0, 78.0, 77.0, 76.0, 77.0, 78.0, 75.0, 77.0, 76.0, 76.0, 78.0, 77.0, 76.0, 77.0, 77.0, 77.0, 76.0, 77.0]",76.8,0,0,9247224224,32499654,6624103,339680,0,0,32499382,9247223952,339679,6624102,6624098,0,0,339675,0,0,339675,0,0,6624098,0,0,26.682522536
../../results/offloading/goracle/off/run2,goracle-gard,quiche,quiche,none,2,2610.3531884138183,"[97.0, 100.0, 99.0, 99.0, 100.0, 101.0, 99.0, 101.0, 101.0, 99.0, 101.0, 100.0, 100.0, 100.0, 99.0, 101.0, 100.0, 99.0, 100.0, 101.0, 99.0, 100.0, 101.0]",99.8695652173913,"[63.0, 82.0, 81.0, 81.0, 82.0, 80.0, 82.0, 82.0, 82.0, 81.0, 82.0, 83.0, 81.0, 82.0, 81.0, 82.0, 82.0, 83.0, 81.0, 83.0]",80.8,0,0,9250335765,34453350,6626334,360030,0,0,34453622,9250336037,360031,6626335,6623163,0,3166,360025,3166,0,360025,0,0,6626329,0,0,26.325738938
../../results/offloading/goracle/off/run2,goracle-gard,quiche,quiche,none,3,2567.927630226069,"[100.0, 99.0, 100.0, 100.0, 101.0, 99.0, 101.0, 100.0, 99.0, 100.0, 100.0, 100.0, 100.0, 100.0, 99.01, 100.0, 100.0, 100.0, 100.0, 100.0, 100.0, 100.0, 100.0, 100.0]",99.91708333333334,"[76.0, 75.0, 75.0, 75.0, 75.0, 74.0, 75.0, 74.0, 75.0, 75.0, 75.0, 75.0, 75.0, 75.0, 75.0, 74.0, 76.0, 74.0, 76.0, 74.0]",74.9,0,0,9247543351,33090370,6624331,345841,0,0,33090370,9247543351,345841,6624331,6624237,0,89,345836,89,0,345836,0,0,6624326,0,0,26.76067486
../../results/offloading/goracle/off/run2,goracle-gard,quiche,quiche,none,4,2637.0212644076014,"[100.0, 100.0, 100.0, 100.0, 100.0, 99.0, 101.0, 100.0, 100.0, 100.0, 100.0, 100.0, 100.0, 100.0, 100.0, 100.0, 100.0, 99.0, 101.0, 99.0, 101.0, 99.0, 101.0]",100.0,"[79.0, 80.0, 79.0, 80.0, 74.0, 75.0, 74.0, 73.0, 74.0, 75.0, 77.0, 77.0, 76.0, 77.0, 78.0, 77.0, 78.0, 77.0, 78.0]",76.73684210526316,0,0,9245635584,31971030,6622965,334181,0,0,31970966,9245635520,334180,6622964,6622959,0,0,334175,0,0,334175,0,0,6622959,0,0,26.059508519
../../results/offloading/goracle/off/run2,goracle-gard,quiche,quiche,none,5,2604.34343274482,"[100.0, 100.0, 100.0, 100.0, 100.0, 101.0, 99.0, 100.0, 100.0, 100.0, 100.0, 100.0, 101.0, 100.0, 99.0, 100.0, 101.0, 99.0, 100.0, 100.0, 100.0, 100.0, 99.0]",99.95652173913044,"[77.0, 77.0, 77.0, 77.0, 76.0, 77.0, 77.0, 77.0, 77.0, 78.0, 77.0, 77.0, 77.0, 78.0, 77.0, 78.0, 77.0, 78.0, 77.0, 78.0]",77.2,0,0,9246572545,30132942,6623638,315028,0,0,30132606,9246572209,315026,6623636,6623632,0,0,315022,0,0,315022,0,0,6623632,0,0,26.386488224
../../results/offloading/goracle/off/run2,goracle-gard,quiche,quiche,none,6,2579.35167231805,"[100.0, 100.0, 98.0, 100.0, 100.0, 100.0, 101.0, 99.0, 100.0, 100.0, 100.0, 100.0, 100.0, 100.0, 100.0, 100.0, 100.0, 99.0, 100.0, 101.0, 100.0, 99.0, 101.0]",99.91304347826087,"[62.0, 76.0, 77.0, 76.0, 78.0, 76.0, 77.0, 77.0, 77.0, 77.0, 77.0, 77.0, 77.0, 77.0, 77.0, 76.0, 77.0, 76.0, 77.0, 77.0]",76.05,0,0,9248140439,31464789,6624759,328903,0,0,31464725,9248140375,328902,6624758,6623724,0,1028,328896,1028,0,328896,0,0,6624752,0,0,26.64215091
../../results/offloading/goracle/off/run2,goracle-gard,quiche,quiche,none,7,3157.4622969849315,"[99.0, 100.0, 100.0, 100.0, 100.0, 99.0, 101.0, 100.0, 100.0, 100.0, 99.0, 101.0, 99.0, 101.0, 100.0, 100.0, 100.0, 99.0, 101.0]",99.94736842105263,"[93.0, 90.0, 90.0, 90.0, 90.0, 90.0, 91.0, 89.0, 90.0, 90.0, 90.0, 90.0, 90.0, 90.0, 90.0]",90.2,0,0,9248046246,29387573,6624692,307254,0,0,29387573,9248046246,307254,6624692,6623921,0,766,307249,766,0,307249,0,0,6624687,0,0,21.764147282
../../results/offloading/goracle/off/run2,goracle-gard,quiche,quiche,none,8,2563.0412138822708,"[97.0, 101.0, 99.0, 100.0, 99.0, 100.0, 101.0, 99.0, 100.0, 100.0, 100.0, 100.0, 100.0, 100.0, 100.0, 100.0, 100.0, 100.0, 100.0, 100.0, 100.0, 100.0, 100.0, 100.0]",99.83333333333333,"[62.0, 61.0, 74.0, 79.0, 78.0, 79.0, 77.0, 76.0, 77.0, 77.0, 78.0, 78.0, 75.0, 77.0, 79.0, 77.0, 79.0, 78.0, 79.0, 74.0]",75.7,0,0,9248107480,32813736,6624735,342957,0,0,32813598,9248107416,342955,6624734,6624108,0,621,342950,621,0,342950,0,0,6624729,0,0,26.81169434
../../results/offloading/goracle/off/run2,goracle-gard,quiche,quiche,none,9,2596.506136200555,"[99.0, 100.0, 100.0, 100.0, 100.0, 99.0, 101.0, 100.0, 100.0, 100.0, 100.0, 100.0, 100.0, 100.0, 100.0, 99.0, 101.0, 100.0, 100.0, 100.0, 98.02, 101.0, 100.0]",99.91391304347826,"[80.0, 81.0, 81.0, 74.0, 75.0, 74.0, 74.0, 74.0, 75.0, 79.0, 79.0, 80.0, 80.0, 80.0, 79.0, 80.0, 80.0, 81.0, 81.0, 80.0]",78.35,0,0,9247024580,31881321,6623960,333239,0,0,31880985,9247024244,333237,6623958,6623953,0,0,333232,0,0,333232,0,0,6623953,0,0,26.466132504
../../results/offloading/goracle/off/run2,goracle-gard,quiche,quiche,none,10,2671.532352631427,"[95.0, 101.0, 99.0, 100.0, 101.0, 99.0, 100.0, 101.0, 99.0, 101.0, 100.0, 99.0, 100.0, 101.0, 100.0, 100.0, 99.0, 101.0, 100.0, 100.0, 100.0, 100.0, 100.0]",99.82608695652173,"[76.0, 76.0, 76.0, 77.0, 76.0, 75.0, 76.0, 76.0, 76.0, 76.0, 77.0, 76.0, 78.0, 76.0, 76.0, 78.0, 77.0, 79.0, 78.0]",76.57894736842105,0,0,9247536280,33886219,6624327,354124,0,0,33886155,9247536216,354123,6624326,6624321,0,0,354118,0,0,354118,0,0,6624321,0,0,25.722868399
../../results/offloading/goracle/off/run2,goracle-gard,quiche,quiche,none,11,2998.832389958007,"[96.0, 99.0, 100.0, 100.0, 100.0, 101.0, 99.0, 101.0, 99.0, 100.0, 100.0, 101.0, 99.0, 100.0, 100.0, 100.0, 100.0, 100.0, 101.0, 100.0]",99.8,"[91.0, 89.0, 91.0, 91.0, 90.0, 91.0, 91.0, 91.0, 90.0, 91.0, 90.0, 90.0, 91.0, 90.0, 91.0, 91.0]",90.5625,0,0,9245415709,23146217,6622809,242241,0,0,23146489,9245415981,242242,6622810,6622522,0,282,242236,282,0,242236,0,0,6622804,0,0,22.915411559
../../results/offloading/goracle/off/run2,goracle-gard,quiche,quiche,none,12,2587.506223542058,"[98.0, 100.0, 100.0, 100.0, 100.0, 100.0, 100.0, 100.0, 100.0, 99.0, 101.0, 100.0, 100.0, 100.0, 100.0, 100.0, 99.0, 101.0, 100.0, 100.0, 100.0, 100.0, 100.0, 100.0]",99.91666666666667,"[80.0, 79.0, 79.0, 79.0, 79.0, 79.0, 80.0, 80.0, 78.0, 79.0, 80.0, 79.0, 79.0, 78.0, 80.0, 78.0, 79.0, 78.0, 78.0, 79.0]",79.0,0,0,9247029278,32669379,6623963,341448,0,0,32669379,9247029278,341448,6623963,6623957,0,0,341442,0,0,341442,0,0,6623957,0,0,26.558187676
../../results/offloading/goracle/off/run2,goracle-gard,quiche,quiche,none,13,2538.179606679629,"[96.0, 101.0, 100.0, 99.0, 100.0, 99.0, 101.0, 99.0, 100.0, 101.0, 99.0, 100.0, 101.0, 99.0, 100.0, 100.0, 100.0, 101.0, 99.0, 100.0, 100.0, 100.0, 101.0, 98.0]",99.75,"[62.0, 62.0, 60.0, 62.0, 76.0, 76.0, 77.0, 77.0, 76.0, 77.0, 76.0, 73.0, 74.0, 73.0, 73.0, 72.0, 72.0, 73.0, 73.0, 76.0]",72.0,0,0,9247586177,33272486,6624362,347741,0,0,33272150,9247585841,347739,6624360,6624355,0,0,347726,0,0,347726,0,0,6624355,0,2,27.074315314
../../results/offloading/goracle/off/run2,goracle-gard,quiche,quiche,none,14,2526.813743985856,"[96.0, 100.0, 100.0, 99.01, 100.0, 100.0, 100.0, 100.0, 100.0, 100.0, 100.0, 100.0, 100.0, 100.0, 100.0, 101.0, 99.0, 100.0, 101.0, 99.0, 101.0, 100.0, 99.0, 100.0]",99.79208333333334,"[74.0, 73.0, 74.0, 73.0, 73.0, 74.0, 73.0, 74.0, 73.0, 74.0, 73.0, 74.0, 74.0, 73.0, 73.0, 73.0, 74.0, 74.0, 73.0, 74.0, 72.0]",73.42857142857143,0,0,9247786264,32825942,6624505,343084,0,0,32825942,9247786264,343084,6624505,6624288,0,212,343079,212,0,343079,0,0,6624500,0,0,27.196099046
../../results/offloading/goracle/off/run2,goracle-gard,quiche,quiche,none,15,2522.335677718804,"[95.0, 100.0, 101.0, 99.0, 100.0, 100.0, 100.0, 100.0, 101.0, 99.0, 100.0, 100.0, 100.0, 100.0, 100.0, 101.0, 99.0, 100.0, 100.0, 100.0, 101.0, 99.0, 100.0, 100.0]",99.79166666666667,"[72.0, 71.0, 73.0, 72.0, 72.0, 72.0, 72.0, 72.0, 72.0, 73.0, 72.0, 71.0, 68.0, 72.0, 71.0, 73.0, 71.0, 70.0, 68.0, 69.0, 68.0]",71.14285714285714,0,0,9248267702,33029215,6624848,345208,0,0,33029487,9248267974,345209,6624849,6624418,0,425,345203,425,0,345203,0,0,6624843,0,0,27.244382028
../../results/offloading/goracle/off/run2,goracle-gard,quiche,quiche,none,16,2547.2386912786956,"[97.0, 99.0, 100.0, 101.0, 99.0, 101.0, 99.0, 100.0, 100.0, 100.0, 101.0, 99.0, 100.0, 100.0, 101.0, 100.0, 99.0, 100.0, 101.0, 100.0, 99.0, 100.0, 100.0, 99.0]",99.79166666666667,"[72.0, 73.0, 72.0, 72.0, 73.0, 72.0, 72.0, 71.0, 73.0, 71.0, 72.0, 73.0, 72.0, 73.0, 72.0, 72.0, 73.0, 72.0, 72.0, 71.0]",72.15,0,0,9247479156,32071667,6624287,335238,0,0,32071603,9247479092,335237,6624286,6624281,0,0,335232,0,0,335232,0,0,6624281,0,0,26.97802798
../../results/offloading/goracle/off/run2,goracle-gard,quiche,quiche,none,17,2601.9952114896378,"[95.0, 100.0, 100.0, 99.0, 101.0, 99.0, 101.0, 100.0, 100.0, 100.0, 100.0, 100.0, 99.0, 100.0, 101.0, 99.0, 99.0, 100.0, 100.0, 101.0, 99.0, 101.0, 100.0, 100.0]",99.75,"[77.0, 76.0, 76.0, 76.0, 76.0, 76.0, 76.0, 76.0, 73.0, 70.0, 72.0, 72.0, 70.0, 75.0, 75.0, 77.0, 77.0, 75.0, 76.0, 76.0]",74.85,0,0,9250198360,32620969,6626236,340948,0,0,32620905,9250198296,340947,6626235,6624185,0,2044,340941,2044,0,340941,0,0,6626229,0,0,26.410300651
../../results/offloading/goracle/off/run2,goracle-gard,quiche,quiche,none,18,2564.3805183065956,"[96.0, 100.0, 100.0, 101.0, 100.0, 99.0, 100.0, 100.0, 100.0, 100.0, 100.0, 100.0, 101.0, 99.0, 100.0, 100.0, 101.0, 100.0, 99.0, 101.0, 99.0, 100.0, 100.0, 100.0]",99.83333333333333,"[77.0, 77.0, 76.0, 77.0, 75.0, 77.0, 77.0, 77.0, 77.0, 77.0, 78.0, 77.0, 76.0, 76.0, 77.0, 77.0, 76.0, 76.0, 77.0, 78.0]",76.75,0,0,9247193482,32599000,6624082,340718,0,0,32599208,9247193690,340718,6624082,6624075,0,0,340711,0,0,340711,0,0,6624075,0,0,26.797691433
../../results/offloading/goracle/off/run2,goracle-gard,quiche,quiche,none,19,2564.4877001613377,"[94.0, 100.0, 100.0, 100.0, 99.0, 100.0, 100.0, 100.0, 100.0, 100.0, 100.0, 100.0, 100.0, 100.0, 100.0, 100.0, 100.0, 100.0, 100.0, 100.0, 100.0, 100.0, 100.0, 100.0]",99.70833333333333,"[78.0, 78.0, 74.0, 78.0, 78.0, 77.0, 77.0, 79.0, 77.0, 72.0, 72.0, 72.0, 73.0, 72.0, 71.0, 72.0, 71.0, 73.0, 73.0, 73.0]",74.5,0,0,9247083401,30947271,6624004,323518,0,0,30947143,9247083273,323516,6624002,6623997,0,0,323511,0,0,323511,0,0,6623997,0,0,26.796571174
../../results/offloading/goracle/off/run2,goracle-gard,quiche,quiche,none,20,2551.982717984043,"[96.0, 100.0, 99.01, 100.0, 100.0, 100.0, 100.0, 101.0, 99.0, 100.0, 100.0, 101.0, 99.0, 101.0, 100.0, 99.0, 100.0, 100.0, 101.0, 100.0, 99.0, 100.0, 100.0, 100.0]",99.79208333333334,"[77.0, 77.0, 77.0, 76.0, 78.0, 76.0, 77.0, 76.0, 78.0, 76.0, 76.0, 76.0, 76.0, 76.0, 76.0, 76.0, 76.0, 76.0, 75.0, 77.0, 76.0]",76.38095238095238,0,0,9247207162,32424990,6624091,338906,0,0,32424654,9247206826,338904,6624089,6624083,0,0,338898,0,0,338898,0,0,6624083,0,0,26.927877056
../../results/offloading/goracle/off/run2,goracle-gard,quiche,quiche,none,21,2589.6436053479715,"[98.0, 100.0, 100.0, 100.0, 101.0, 95.0, 101.0, 100.0, 100.0, 99.0, 101.0, 99.0, 100.0, 101.0, 99.0, 100.0, 101.0, 99.0, 101.0, 100.0, 99.0, 101.0, 99.0, 100.0]",99.75,"[59.0, 59.0, 59.0, 60.0, 75.0, 75.0, 75.0, 76.0, 74.0, 76.0, 75.0, 73.0, 75.0, 74.0, 76.0, 74.0, 76.0, 74.0, 76.0, 74.0]",71.75,0,0,9260683412,32270781,6633748,337303,0,0,32270717,9260683348,337302,6633747,6624171,0,9570,337296,9570,0,337296,0,0,6633741,0,0,26.536268004
../../results/offloading/goracle/off/run2,goracle-gard,quiche,quiche,none,22,2982.3471969845777,"[95.0, 100.0, 100.0, 100.0, 100.0, 100.0, 100.0, 100.0, 100.0, 100.0, 100.0, 100.0, 100.0, 100.0, 99.0, 101.0, 99.0, 100.0, 101.0, 99.0]",99.7,"[70.0, 70.0, 70.0, 70.0, 84.0, 85.0, 86.0, 85.0, 86.0, 85.0, 86.0, 85.0, 86.0, 85.0, 85.0, 86.0]",81.5,0,0,9247048915,27039745,6623978,282803,0,0,27039745,9247048915,282803,6623978,6623574,0,399,282798,399,0,282798,0,0,6623973,0,0,23.042078397
../../results/offloading/goracle/off/run2,goracle-gard,quiche,quiche,none,23,2538.6920462933576,"[95.0, 101.0, 99.0, 100.0, 101.0, 99.0, 100.0, 100.0, 101.0, 100.0, 99.0, 100.0, 100.0, 100.0, 100.0, 100.0, 101.0, 100.0, 100.0, 100.0, 100.0, 100.0, 100.0, 99.0]",99.79166666666667,"[74.0, 73.0, 73.0, 76.0, 76.0, 74.0, 74.0, 72.0, 75.0, 76.0, 75.0, 76.0, 73.0, 74.0, 72.0, 74.0, 77.0, 75.0, 77.0, 77.0, 77.0]",74.76190476190476,0,0,9248008033,33378285,6624662,348836,0,0,33378285,9248008033,348836,6624662,6624398,0,260,348832,260,0,348832,0,0,6624658,0,0,27.068850947
../../results/offloading/goracle/off/run2,goracle-gard,quiche,quiche,none,24,2594.5352952931744,"[96.0, 99.0, 100.0, 101.0, 99.0, 100.0, 100.0, 100.0, 100.0, 100.0, 100.0, 100.0, 99.0, 100.0, 101.0, 99.0, 100.0, 101.0, 99.0, 101.0, 99.0, 100.0, 100.0, 100.0]",99.75,"[75.0, 76.0, 76.0, 75.0, 76.0, 75.0, 76.0, 77.0, 75.0, 75.0, 76.0, 75.0, 76.0, 75.0, 77.0, 74.0, 76.0, 75.0, 75.0, 76.0]",75.55,0,0,9247609307,33062815,6624377,345546,0,0,33062815,9247609307,345546,6624377,6624224,0,147,345540,147,0,345540,0,0,6624371,0,0,26.486237296
../../results/offloading/goracle/off/run2,goracle-gard,quiche,quiche,none,25,2577.384930382135,"[99.0, 100.0, 100.0, 99.0, 100.0, 101.0, 99.0, 99.01, 100.0, 101.0, 100.0, 100.0, 100.0, 100.0, 100.0, 100.0, 100.0, 100.0, 100.0, 100.0, 100.0, 100.0, 100.0]",99.91347826086958,"[64.0, 76.0, 77.0, 77.0, 76.0, 76.0, 77.0, 76.0, 77.0, 77.0, 77.0, 76.0, 76.0, 77.0, 76.0, 77.0, 77.0, 77.0, 77.0, 76.0]",75.95,0,0,9250620017,32796472,6626536,342776,0,0,32796744,9250620289,342777,6626537,6624128,0,2402,342770,2402,0,342770,0,0,6626530,0,0,26.662480266
../../results/offloading/goracle/off/run2,goracle-gard,quiche,quiche,none,26,2578.1821005043216,"[99.0, 101.0, 99.0, 100.0, 100.0, 101.0, 99.0, 100.0, 100.0, 101.0, 100.0, 99.0, 100.0, 100.0, 101.0, 99.0, 100.0, 100.0, 101.0, 101.0, 100.0, 100.0, 99.0, 101.0]",100.04166666666667,"[73.0, 74.0, 73.0, 74.0, 74.0, 73.0, 74.0, 74.0, 74.0, 73.0, 74.0, 73.0, 74.0, 74.0, 73.0, 74.0, 74.0, 74.0, 74.0, 75.0]",73.75,0,0,9247476172,32151151,6624284,336058,0,0,32151151,9247476172,336058,6624284,6624278,0,0,336052,0,0,336052,0,0,6624278,0,0,26.654236892
../../results/offloading/goracle/off/run2,goracle-gard,quiche,quiche,none,27,2545.130173214612,"[101.0, 99.0, 100.0, 100.0, 101.0, 99.0, 100.0, 101.0, 100.0, 99.0, 101.0, 99.0, 100.0, 100.0, 100.0, 101.0, 99.0, 101.0, 99.0, 100.0, 101.0, 99.0, 100.0, 100.0]",100.0,"[71.0, 72.0, 74.0, 75.0, 75.0, 75.0, 75.0, 74.0, 76.0, 75.0, 75.0, 75.0, 75.0, 74.0, 75.0, 76.0, 74.0, 75.0, 76.0, 75.0]",74.6,0,0,9247809668,35200307,6624521,367863,0,0,35199971,9247809332,367861,6624519,6624513,0,0,367855,0,0,367855,0,0,6624513,0,0,27.00037773
../../results/offloading/goracle/off/run2,goracle-gard,quiche,quiche,none,28,2561.774166480429,"[97.0, 100.0, 100.0, 99.0, 100.0, 100.0, 100.0, 100.0, 100.0, 100.0, 100.0, 100.0, 100.0, 100.0, 100.0, 100.0, 100.0, 100.0, 100.0, 101.0, 99.0, 101.0, 99.0, 101.0]",99.875,"[76.0, 76.0, 78.0, 76.0, 77.0, 75.0, 77.0, 76.0, 77.0, 75.0, 76.0, 77.0, 77.0, 75.0, 77.0, 77.0, 77.0, 76.0, 77.0, 76.0]",76.4,0,0,9247852077,32470111,6624556,339374,0,0,32470047,9247852013,339373,6624555,6624078,0,470,339366,470,0,339366,0,0,6624548,0,0,26.824955612
../../results/offloading/goracle/off/run2,goracle-gard,quiche,quiche,none,29,2523.0379214532513,"[100.0, 100.0, 100.0, 100.0, 100.0, 100.0, 100.0, 100.0, 100.0, 100.0, 100.0, 100.0, 100.0, 100.0, 100.0, 99.0, 101.0, 100.0, 100.0, 99.0, 99.0, 100.0, 101.0, 99.0]",99.91666666666667,"[72.0, 73.0, 72.0, 73.0, 72.0, 73.0, 74.0, 71.0, 73.0, 72.0, 74.0, 72.0, 72.0, 74.0, 72.0, 75.0, 72.0, 72.0, 68.0, 69.0, 68.0]",72.04761904761905,0,0,9248209695,33829054,6624809,353538,0,0,33829262,9248209903,353538,6624809,6624503,0,299,353531,299,0,353532,0,0,6624803,0,0,27.236799664
../../results/offloading/goracle/off/run2,goracle-gard,quiche,quiche,none,30,2614.309448639765,"[95.0, 101.0, 100.0, 99.0, 101.0, 99.0, 100.0, 101.0, 100.0, 99.0, 100.0, 100.0, 100.0, 100.0, 100.0, 100.0, 100.0, 99.0, 101.0, 100.0, 99.0, 101.0, 100.0]",99.78260869565217,"[81.0, 80.0, 80.0, 79.0, 81.0, 79.0, 79.21, 79.0, 80.0, 80.0, 79.0, 79.0, 80.0, 79.0, 81.0, 79.0, 77.0, 81.0, 80.0, 81.0]",79.7105,0,0,9245717546,33259511,6623026,347595,0,0,33259447,9245717482,347594,6623025,6623020,0,0,347589,0,0,347589,0,0,6623020,0,0,26.285900597
../../results/offloading/goracle/off/run2,goracle-gard,quiche,quiche,none,31,2971.235212068772,"[97.0, 100.0, 101.0, 99.0, 99.0, 101.0, 99.0, 100.0, 100.0, 100.0, 100.0, 100.0, 100.0, 100.0, 100.0, 100.0, 100.0, 100.0, 100.0, 100.0]",99.8,"[61.0, 62.0, 73.0, 87.0, 88.0, 86.0, 86.0, 85.0, 87.0, 86.0, 86.0, 86.0, 85.0, 86.0, 86.0, 86.0, 86.0]",82.47058823529412,0,0,9247925712,25707413,6624604,268929,0,0,25707413,9247925712,268929,6624604,6623375,0,1224,268924,1224,0,268924,0,0,6624599,0,0,23.128252004
../../results/offloading/goracle/off/run2,goracle-gard,quiche,quiche,none,32,3026.522693874103,"[97.0, 100.0, 101.0, 99.0, 100.0, 100.0, 100.0, 100.0, 101.0, 99.0, 100.0, 100.0, 100.0, 101.0, 99.0, 100.0, 100.0, 100.0, 100.0, 101.0]",99.9,"[91.0, 92.0, 92.0, 88.0, 91.0, 87.0, 86.0, 87.0, 87.0, 88.0, 90.0, 87.0, 87.13, 90.0, 90.0, 92.0]",89.070625,0,0,9245244371,26289511,6622685,274980,0,0,26289239,9245244099,274979,6622684,6622622,0,58,274975,58,0,274975,0,0,6622680,0,0,22.705753366
../../results/offloading/goracle/off/run2,goracle-gard,quiche,quiche,none,33,2565.1054144666327,"[100.0, 99.0, 101.0, 99.0, 101.0, 100.0, 100.0, 100.0, 100.0, 100.0, 99.0, 100.0, 101.0, 100.0, 100.0, 100.0, 100.0, 99.0, 101.0, 99.0, 101.0, 100.0, 100.0, 99.0]",99.95833333333333,"[80.0, 79.0, 78.0, 78.0, 78.0, 79.0, 77.0, 79.0, 78.0, 77.0, 76.0, 78.0, 78.0, 76.0, 77.0, 78.0, 79.0, 79.0, 78.0, 80.0, 79.0]",78.14285714285714,0,0,9247085496,32506918,6624003,339754,0,0,32506918,9247085496,339754,6624003,6623997,0,0,339748,0,0,339748,0,0,6623997,0,0,26.790117891
../../results/offloading/goracle/off/run2,goracle-gard,quiche,quiche,none,34,2550.0223698630775,"[100.0, 100.0, 100.0, 99.0, 100.0, 100.0, 99.0, 101.0, 100.0, 100.0, 100.0, 100.0, 100.0, 100.0, 99.0, 99.0, 100.0, 101.0, 100.0, 99.0, 100.0, 101.0, 100.0, 100.0]",99.91666666666667,"[63.0, 63.0, 63.0, 63.0, 63.0, 61.0, 62.0, 62.0, 62.0, 62.0, 62.0, 62.0, 61.0, 74.0, 77.0, 76.0, 77.0, 76.0, 76.0, 77.0]",67.1,0,0,9248346018,33836414,6624905,353642,0,0,33836414,9248346018,353642,6624905,6624427,0,473,353637,473,0,353637,0,0,6624900,0,0,26.948577473
../../results/offloading/goracle/off/run2,goracle-gard,quiche,quiche,none,35,2605.253566271263,"[95.0, 101.0, 99.0, 101.0, 99.0, 101.0, 100.0, 100.0, 99.0, 101.0, 100.0, 100.0, 100.0, 100.0, 100.0, 101.0, 99.0, 100.0, 100.0, 101.0, 99.0, 100.0, 100.0]",99.82608695652173,"[80.0, 81.0, 82.0, 81.0, 81.0, 80.0, 82.0, 80.0, 81.0, 81.0, 81.0, 82.0, 82.0, 82.0, 82.0, 82.0, 81.0, 81.0, 82.0, 81.0]",81.25,0,0,9246926774,31632445,6623889,330646,0,0,31632445,9246926774,330646,6623889,6623884,0,0,330641,0,0,330641,0,0,6623884,0,0,26.377270145
../../results/offloading/goracle/off/run2,goracle-gard,quiche,quiche,none,36,2565.573421263382,"[100.0, 100.0, 100.0, 100.0, 100.0, 100.0, 100.0, 100.0, 100.0, 100.0, 100.0, 99.0, 100.0, 100.0, 100.0, 100.0, 99.0, 100.0, 100.0, 101.0, 99.0, 101.0, 99.0, 101.0]",99.95833333333333,"[60.0, 60.0, 60.0, 60.0, 60.0, 59.0, 61.0, 59.0, 60.0, 63.0, 75.0, 74.0, 74.0, 74.0, 75.0, 74.0, 75.0, 74.0, 74.0, 74.0]",67.25,0,0,9248905916,33178471,6625308,346763,0,0,33178471,9248905916,346763,6625308,6624351,0,952,346758,952,0,346758,0,0,6625303,0,0,26.785231053
../../results/offloading/goracle/off/run2,goracle-gard,quiche,quiche,none,37,3037.214323597673,"[97.0, 101.0, 100.0, 96.0, 100.0, 101.0, 100.0, 100.0, 100.0, 100.0, 99.0, 100.0, 101.0, 99.0, 100.0, 101.0, 100.0, 100.0, 100.0, 99.0]",99.7,"[68.0, 79.0, 95.0, 96.0, 95.0, 91.0, 90.0, 88.0, 90.0, 89.0, 87.0, 88.0, 89.0, 89.0, 92.0, 95.0]",88.8125,0,0,9250982756,23026170,6626796,240997,0,0,23026442,9250983028,240998,6626797,6623100,0,3691,240992,3691,0,240992,0,0,6626791,0,0,22.6258242
../../results/offloading/goracle/off/run2,goracle-gard,quiche,quiche,none,38,2569.45063463334,"[96.0, 100.0, 100.0, 99.0, 101.0, 100.0, 99.0, 102.0, 99.0, 101.0, 99.0, 100.0, 101.0, 99.0, 100.0, 100.0, 100.0, 100.0, 100.0, 100.0, 101.0, 99.0, 100.0, 100.0]",99.83333333333333,"[74.0, 75.0, 75.0, 74.0, 76.0, 78.0, 77.0, 77.0, 76.0, 77.0, 76.0, 77.0, 77.0, 76.0, 75.0, 77.0, 78.0, 77.0, 76.0, 77.0]",76.25,0,0,9247292107,32457042,6624150,339240,0,0,32457314,9247292379,339241,6624151,6624145,0,0,339235,0,0,339235,0,0,6624145,0,0,26.744812521
../../results/offloading/goracle/off/run2,goracle-gard,quiche,quiche,none,39,2541.510642083602,"[101.0, 99.0, 101.0, 99.0, 100.0, 101.0, 99.0, 100.0, 100.0, 100.0, 100.0, 100.0, 100.0, 100.0, 100.0, 100.0, 100.0, 101.0, 99.0, 100.0, 101.0, 99.0, 100.0, 100.0]",100.0,"[71.0, 73.0, 73.0, 73.0, 73.0, 73.0, 73.0, 73.0, 73.0, 72.0, 73.0, 72.0, 73.0, 73.0, 73.0, 72.0, 72.0, 72.0, 72.0, 73.0]",72.6,0,0,9247461715,31989445,6624273,334380,0,0,31989445,9247461715,334380,6624273,6624268,0,0,334375,0,0,334375,0,0,6624268,0,0,27.038830864
../../results/offloading/goracle/off/run2,goracle-gard,quiche,quiche,none,40,2600.257459838638,"[97.0, 100.0, 101.0, 99.0, 100.0, 99.0, 100.0, 101.0, 99.0, 101.0, 99.0, 101.0, 99.0, 101.0, 99.0, 100.0, 101.0, 99.0, 101.0, 100.0, 100.0, 99.0, 101.0, 99.0]",99.83333333333333,"[61.0, 62.0, 61.0, 73.0, 78.0, 78.0, 78.0, 78.0, 79.0, 77.0, 79.0, 77.0, 78.0, 78.0, 77.0, 79.0, 78.0, 78.0, 78.0, 78.0]",75.25,0,0,9249479118,33087933,6625718,345811,0,0,33087933,9249479118,345811,6625718,6624082,0,1630,345805,1630,0,345805,0,0,6625712,0,0,26.427950743
../../results/offloading/goracle/off/run2,goracle-gard,quiche,quiche,none,41,2593.736498974085,"[96.0, 99.0, 100.0, 100.0, 100.0, 100.0, 100.0, 100.0, 100.0, 100.0, 100.0, 100.0, 100.0, 100.0, 100.0, 100.0, 100.0, 100.0, 100.0, 100.0, 100.0, 100.0, 100.0, 101.0]",99.83333333333333,"[80.0, 80.0, 81.0, 80.0, 77.0, 80.0, 80.0, 77.0, 78.0, 76.0, 75.0, 73.0, 75.0, 74.0, 76.0, 78.0, 78.0, 80.0, 78.0, 79.0]",77.75,0,0,9247192299,32856266,6624079,343397,0,0,32856538,9247192571,343398,6624080,6624074,0,0,343392,0,0,343392,0,0,6624074,0,0,26.494393952
../../results/offloading/goracle/off/run2,goracle-gard,quiche,quiche,none,42,2600.136543623374,"[96.0, 100.0, 100.0, 99.0, 100.0, 101.0, 100.0, 100.0, 101.0, 99.0, 100.0, 100.0, 100.0, 100.0, 100.0, 100.0, 100.0, 100.0, 100.0, 100.0, 100.0, 100.0, 101.0, 100.0]",99.875,"[77.0, 76.0, 78.0, 76.0, 78.0, 79.0, 79.0, 79.0, 79.0, 78.0, 79.0, 78.0, 78.0, 79.0, 77.0, 79.0, 78.0, 77.0, 79.0, 78.0]",78.05,0,0,9247194560,33219475,6624080,347180,0,0,33219475,9247194560,347180,6624080,6624075,0,0,347175,0,0,347175,0,0,6624075,0,0,26.429180449
../../results/offloading/goracle/off/run2,goracle-gard,quiche,quiche,none,43,2571.2113186242614,"[98.0, 99.0, 100.0, 100.0, 99.0, 100.0, 100.0, 100.0, 100.0, 101.0, 99.0, 101.0, 99.0, 100.0, 100.0, 100.0, 100.0, 101.0, 99.0, 101.0, 99.0, 100.0, 101.0, 99.0]",99.83333333333333,"[61.0, 61.0, 74.0, 77.0, 78.0, 78.0, 75.0, 78.0, 78.0, 77.0, 78.0, 77.0, 77.0, 77.23, 78.0, 77.0, 79.0, 77.0, 78.0, 78.0]",75.6615,0,0,9249141348,32541334,6625477,340117,0,0,32541062,9249141076,340116,6625476,6624087,0,1384,340111,1384,0,340111,0,0,6625471,0,0,26.726498451
../../results/offloading/goracle/off/run2,goracle-gard,quiche,quiche,none,44,3122.4446426834256,"[100.0, 100.0, 100.0, 100.0, 99.0, 100.0, 101.0, 100.0, 99.01, 100.0, 100.0, 100.0, 100.0, 99.0, 101.0, 100.0, 100.0, 100.0, 100.0]",99.9478947368421,"[89.0, 89.0, 89.0, 89.0, 89.0, 89.0, 88.0, 89.0, 89.0, 90.0, 88.0, 89.0, 89.0, 88.0, 90.0]",88.93333333333334,0,0,9247739364,31339903,6624472,327586,0,0,31339631,9247739092,327585,6624471,6624091,0,375,327580,375,0,327580,0,0,6624466,0,0,22.008229022
../../results/offloading/goracle/off/run2,goracle-gard,quiche,quiche,none,45,3303.6300852229597,"[94.0, 101.0, 100.0, 99.0, 100.0, 101.0, 99.0, 100.0, 100.0, 101.0, 99.0, 100.0, 101.0, 100.0, 100.0, 99.0, 100.0, 101.0]",99.72222222222223,"[93.0, 93.0, 93.0, 93.0, 93.0, 93.0, 93.0, 94.0, 92.0, 94.0, 93.0, 93.0, 93.0, 94.0]",93.14285714285714,0,0,9244854709,21909056,6622402,229356,0,0,21909328,9244854981,229357,6622403,6622398,0,0,229352,0,0,229352,0,0,6622398,0,0,20.801202376
../../results/offloading/goracle/off/run2,goracle-gard,quiche,quiche,none,46,3044.7329589358455,"[98.0, 99.0, 100.0, 101.0, 100.0, 100.0, 100.0, 100.0, 99.0, 101.0, 99.0, 101.0, 100.0, 100.0, 100.0, 100.0, 99.0, 100.0, 100.0, 100.0]",99.85,"[88.0, 88.0, 91.0, 89.0, 89.0, 90.0, 88.0, 89.0, 90.0, 88.0, 90.0, 88.0, 88.0, 92.0, 90.0, 88.0]",89.125,0,0,9245634703,26674151,6622966,278989,0,0,26674423,9245634975,278990,6622967,6622688,0,273,278984,273,0,278984,0,0,6622961,0,0,22.569952738
../../results/offloading/goracle/off/run2,goracle-gard,quiche,quiche,none,47,3280.2237297640227,"[98.0, 100.0, 99.0, 101.0, 100.0, 100.0, 99.0, 101.0, 99.0, 100.0, 100.0, 100.0, 100.0, 100.0, 100.0, 100.0, 100.0, 101.0]",99.88888888888889,"[96.0, 95.0, 97.0, 96.0, 96.0, 97.0, 95.0, 97.0, 96.0, 97.0, 96.0, 96.0, 96.0, 97.0]",96.21428571428571,0,0,9244523357,14952721,6622170,156906,0,0,14952993,9244523629,156907,6622171,6622165,0,0,156901,0,0,156901,0,0,6622165,0,0,20.949631038
../../results/offloading/goracle/off/run2,goracle-gard,quiche,quiche,none,48,2574.8836820037905,"[95.0, 100.0, 100.0, 100.0, 100.0, 100.0, 100.0, 100.0, 100.0, 100.0, 100.0, 100.0, 100.0, 100.0, 100.0, 100.0, 100.0, 100.0, 100.0, 100.0, 100.0, 100.0, 100.0, 100.0]",99.79166666666667,"[78.0, 78.0, 78.0, 77.0, 77.0, 79.0, 76.0, 78.0, 77.0, 78.0, 76.0, 78.0, 77.0, 77.0, 77.0, 77.0, 77.0, 77.0, 76.0, 78.0]",77.3,0,0,9247192917,32807355,6624079,342888,0,0,32807355,9247192917,342888,6624079,6624074,0,0,342883,0,0,342883,0,0,6624074,0,0,26.688381756
../../results/offloading/goracle/off/run2,goracle-gard,quiche,quiche,none,49,3162.718879048784,"[100.0, 99.0, 101.0, 99.0, 100.0, 100.0, 98.0, 99.0, 99.01, 100.0, 100.0, 100.0, 101.0, 100.0, 100.0, 99.0, 100.0, 100.0, 101.0]",99.79,"[74.0, 75.0, 74.0, 74.0, 75.0, 95.0, 95.0, 93.0, 95.0, 95.0, 94.0, 94.0, 94.0, 94.0, 95.0]",87.73333333333333,0,0,9249720355,25208347,6625890,263724,0,0,25208347,9249720355,263724,6625890,6623410,0,2475,263719,2475,0,263719,0,0,6625885,0,0,21.727974532
../../results/offloading/goracle/off/run2,goracle-gard,quiche,quiche,none,50,2551.8834965704536,"[96.0, 100.0, 100.0, 100.0, 100.0, 100.0, 100.0, 100.0, 100.0, 100.0, 100.0, 100.0, 101.0, 99.0, 101.0, 99.0, 100.0, 100.0, 100.0, 101.0, 100.0, 100.0, 99.0, 100.0]",99.83333333333333,"[77.0, 76.0, 77.0, 77.0, 76.0, 78.0, 76.0, 76.0, 77.0, 77.0, 76.0, 77.0, 76.0, 77.0, 76.0, 78.0, 77.0, 76.0, 77.0, 76.0, 77.0]",76.66666666666667,0,0,9248776574,39351591,6625215,411051,0,0,39351319,9248776302,411050,6625214,6623397,0,1813,411046,1813,0,411046,0,0,6625210,0,0,26.928924402
../../results/offloading/goracle/off/run2,goracle-gard,lsquic,lsquic,none,1,3198.5295558808825,"[101.0, 99.0, 100.0, 100.0, 101.0, 99.0, 101.0, 99.0, 101.0, 100.0, 99.0, 101.0, 99.0, 101.0, 99.0, 101.0, 100.0, 99.0]",100.0,"[81.0, 82.0, 81.0, 82.0, 81.0, 81.0, 82.0, 80.0, 82.0, 81.0, 81.0, 82.0, 81.0, 81.0, 81.0, 82.0, 83.0]",81.41176470588235,0,0,9085502356,2710795,5986947,32301,0,0,2710795,9085502356,32301,5986947,5986942,0,0,32284,0,0,32284,0,0,5986942,0,0,21.48470866
../../results/offloading/goracle/off/run2,goracle-gard,lsquic,lsquic,none,2,3268.65684939606,"[100.0, 100.0, 99.0, 101.0, 99.0, 101.0, 100.0, 99.0, 100.0, 100.0, 101.0, 99.0, 100.0, 100.0, 100.0, 100.0, 100.0, 100.0]",99.94444444444444,"[82.0, 84.0, 82.0, 84.0, 83.0, 84.0, 83.0, 83.0, 84.0, 84.0, 84.0, 84.0, 84.0, 83.0, 84.0, 84.0]",83.5,0,0,9085501989,2433062,5986947,28965,0,0,2433062,9085501989,28965,5986947,5986940,2,0,28948,0,0,28948,0,0,5986942,0,0,21.023765292
../../results/offloading/goracle/off/run2,goracle-gard,lsquic,lsquic,none,3,3228.2270930364093,"[101.0, 100.0, 100.0, 100.0, 99.0, 100.0, 101.0, 100.0, 100.0, 99.0, 100.0, 100.0, 101.0, 100.0, 100.0, 100.0, 100.0, 100.0]",100.05555555555556,"[81.0, 83.0, 81.0, 82.0, 82.0, 83.0, 81.0, 82.0, 82.0, 83.0, 82.0, 81.0, 82.0, 83.0, 82.0, 82.0]",82.0,0,0,9085502147,2557457,5986947,30457,0,0,2557457,9085502147,30457,5986947,5986941,0,0,30440,0,0,30440,0,0,5986942,0,0,21.287064022
../../results/offloading/goracle/off/run2,goracle-gard,lsquic,lsquic,none,4,3225.730254702728,"[100.0, 99.0, 101.0, 100.0, 99.0, 101.0, 100.0, 100.0, 99.0, 101.0, 99.0, 101.0, 100.0, 100.0, 100.0, 99.0, 101.0, 99.0]",99.94444444444444,"[80.0, 81.0, 81.0, 82.0, 80.0, 82.0, 81.0, 81.0, 82.0, 81.0, 81.0, 81.0, 81.0, 82.0, 81.0, 82.0]",81.1875,0,0,9085502732,2789161,5986949,33252,0,0,2788889,9085502460,33251,5986948,5986943,0,0,33225,0,0,33225,0,0,5986944,0,0,21.303540789
../../results/offloading/goracle/off/run2,goracle-gard,lsquic,lsquic,none,5,3224.8997918112354,"[100.0, 100.0, 100.0, 99.0, 102.0, 99.0, 99.01, 100.0, 100.0, 100.0, 100.0, 100.0, 100.0, 101.0, 100.0, 99.0, 100.0, 100.0, 100.0]",99.9478947368421,"[81.0, 81.0, 82.0, 82.0, 81.0, 83.0, 81.0, 81.0, 82.0, 80.0, 82.0, 82.0, 81.0, 81.0, 81.0, 82.0]",81.4375,0,0,9085502665,2711910,5986949,32322,0,0,2711910,9085502665,32322,5986949,5986943,0,0,32296,0,0,32296,0,0,5986943,0,0,21.309026705
../../results/offloading/goracle/off/run2,goracle-gard,lsquic,lsquic,none,6,3243.8388300188603,"[100.0, 100.0, 100.0, 100.0, 100.0, 100.0, 100.0, 100.0, 100.0, 100.0, 100.0, 100.0, 100.0, 100.0, 100.0, 100.0, 100.0, 100.0]",100.0,"[82.0, 81.0, 82.0, 81.0, 82.0, 82.0, 82.0, 82.0, 83.0, 82.0, 83.0, 82.0, 82.0, 81.19, 83.0, 82.0]",82.011875,0,0,9085502131,2548079,5986947,30343,0,0,2548351,9085502403,30344,5986948,5986942,0,0,30326,0,0,30326,0,0,5986942,0,0,21.184615029
../../results/offloading/goracle/off/run2,goracle-gard,lsquic,lsquic,none,7,3229.2985670442404,"[100.0, 100.0, 100.0, 100.0, 100.0, 100.0, 101.0, 99.0, 100.0, 100.0, 100.0, 100.0, 101.0, 100.0, 99.0, 100.0, 100.0, 100.0]",100.0,"[81.0, 82.0, 80.0, 82.0, 81.0, 81.0, 82.0, 82.0, 80.0, 81.0, 82.0, 82.0, 81.0, 81.0, 81.0, 82.0, 81.0]",81.29411764705883,0,0,9085502021,2597216,5986946,30933,0,0,2597488,9085502293,30934,5986947,5986941,0,0,30910,0,0,30910,0,0,5986941,0,0,21.280000918
../../results/offloading/goracle/off/run2,goracle-gard,lsquic,lsquic,none,8,3238.4189465915993,"[100.0, 100.0, 100.0, 100.0, 100.0, 100.0, 100.0, 100.0, 100.0, 100.0, 100.0, 100.0, 100.0, 100.0, 100.0, 100.0, 100.0, 100.0]",100.0,"[81.0, 81.0, 82.0, 82.0, 82.0, 82.0, 83.0, 82.0, 82.0, 82.0, 83.0, 82.0, 82.0, 83.0, 82.0, 83.0, 82.0]",82.11764705882354,0,0,9085502298,2544889,5986949,30305,0,0,2544889,9085502298,30305,5986949,5986942,2,0,30292,0,0,30292,0,0,5986944,0,0,21.220070493
../../results/offloading/goracle/off/run2,goracle-gard,lsquic,lsquic,none,9,3275.1676885280376,"[100.0, 100.0, 100.0, 100.0, 100.0, 100.0, 100.0, 100.0, 100.0, 100.0, 100.0, 99.0, 101.0, 100.0, 99.0, 100.0, 100.0, 100.0]",99.94444444444444,"[83.0, 83.0, 83.0, 85.0, 83.0, 84.0, 85.0, 83.0, 83.0, 84.0, 84.0, 83.0, 84.0, 84.0, 84.0, 82.0]",83.5625,0,0,9085502048,2433950,5986948,28976,0,0,2433950,9085502048,28976,5986948,5986941,2,0,28949,0,0,28949,0,0,5986943,0,0,20.981971827
../../results/offloading/goracle/off/run2,goracle-gard,lsquic,lsquic,none,10,3213.289800967632,"[99.0, 100.0, 100.0, 101.0, 100.0, 100.0, 99.0, 100.0, 100.0, 101.0, 100.0, 100.0, 100.0, 100.0, 100.0, 99.0, 100.0, 101.0]",100.0,"[80.0, 79.0, 80.0, 80.0, 80.0, 80.0, 80.0, 80.0, 80.0, 79.0, 80.0, 80.0, 80.0, 80.0, 79.0, 81.0, 79.0]",79.82352941176471,0,0,9085502195,2628948,5986947,31311,0,0,2628948,9085502195,31311,5986947,5986942,0,0,31306,0,0,31306,0,0,5986942,0,2,21.386018855
../../results/offloading/goracle/off/run2,goracle-gard,lsquic,lsquic,none,11,3202.821558881796,"[100.0, 100.0, 99.0, 101.0, 99.0, 101.0, 100.0, 100.0, 100.0, 100.0, 100.0, 100.0, 100.0, 100.0, 99.0, 101.0, 100.0, 100.0, 100.0]",100.0,"[79.0, 80.0, 81.0, 81.0, 81.0, 80.0, 82.0, 81.0, 81.0, 80.0, 82.0, 81.0, 80.0, 82.0, 81.0, 80.0, 82.0]",80.82352941176471,0,0,9085502471,2897777,5986946,34553,0,0,2897777,9085502471,34553,5986946,5986941,0,0,34538,0,0,34538,0,0,5986941,0,0,21.455917459
../../results/offloading/goracle/off/run2,goracle-gard,lsquic,lsquic,none,12,3216.025661010156,"[100.0, 100.0, 100.0, 100.0, 100.0, 100.0, 101.0, 99.0, 100.0, 100.0, 100.0, 101.0, 100.0, 100.0, 99.0, 100.0, 100.0, 101.0, 99.0]",100.0,"[87.0, 88.0, 86.0, 86.0, 88.0, 87.0, 87.0, 86.14, 87.0, 87.0, 86.0, 88.0, 87.0, 87.0, 87.0, 87.0, 86.0]",86.8905882352941,0,0,9085501133,1872971,5986947,22185,0,0,1872699,9085500861,22184,5986946,5986939,2,0,22169,0,0,22169,0,0,5986941,0,0,21.367826685
../../results/offloading/goracle/off/run2,goracle-gard,lsquic,lsquic,none,13,3221.8646597435118,"[100.0, 100.0, 100.0, 100.0, 100.0, 100.0, 100.0, 100.0, 100.0, 100.0, 100.0, 100.0, 100.0, 100.0, 100.0, 100.0, 99.0, 100.0]",99.94444444444444,"[79.0, 80.0, 80.0, 80.0, 80.0, 80.0, 79.0, 81.0, 81.0, 80.0, 81.0, 80.0, 81.0, 80.0, 81.0, 81.0, 80.0]",80.23529411764706,0,0,9085503082,3022721,5986950,36059,0,0,3022721,9085503082,36059,5986950,5986942,2,0,36031,0,0,36031,0,0,5986944,0,0,21.329100367
../../results/offloading/goracle/off/run2,goracle-gard,lsquic,lsquic,none,14,3231.039957811851,"[100.0, 100.0, 100.0, 100.0, 100.0, 100.0, 100.0, 100.0, 100.0, 100.0, 100.0, 100.0, 100.0, 100.0, 100.0, 100.0, 99.0, 101.0]",100.0,"[81.0, 81.0, 80.0, 81.0, 81.0, 80.0, 81.0, 82.0, 81.0, 80.0, 81.0, 82.0, 81.0, 80.0, 82.0, 82.0, 80.0]",80.94117647058823,0,0,9085502522,2749037,5986949,32766,0,0,2749309,9085502794,32767,5986950,5986944,0,0,32745,0,0,32745,0,0,5986944,0,2,21.268531596
../../results/offloading/goracle/off/run2,goracle-gard,lsquic,lsquic,none,15,3496.039287803757,"[89.0, 89.0, 89.0, 87.0, 87.0, 87.0, 87.0, 89.0, 87.0, 88.0, 87.0, 88.0, 86.0, 88.0, 85.0, 88.0, 85.0]",87.41176470588235,"[95.0, 95.0, 97.0, 95.0, 95.0, 94.0, 95.0, 95.0, 95.0, 95.0, 95.0, 95.0, 94.0, 94.0, 94.0]",94.86666666666666,0,0,9085567927,937246,5987861,10844,0,0,937518,9085568199,10845,5987862,5987856,0,0,10825,0,0,10825,0,0,5987856,0,4,19.656379288
../../results/offloading/goracle/off/run2,goracle-gard,lsquic,lsquic,none,16,3226.377543227192,"[100.0, 100.0, 101.0, 99.0, 101.0, 99.0, 101.0, 100.0, 100.0, 99.0, 101.0, 99.0, 100.0, 100.0, 100.0, 100.0, 101.0, 100.0]",100.05555555555556,"[80.0, 82.0, 81.0, 82.0, 83.0, 82.0, 83.0, 81.0, 83.0, 82.0, 82.0, 83.0, 82.0, 82.0, 83.0, 82.0, 81.0]",82.0,0,0,9085502146,2634694,5986946,31390,0,0,2634966,9085502418,31391,5986947,5986941,0,0,31373,0,0,31373,0,0,5986941,0,0,21.299267066
../../results/offloading/goracle/off/run2,goracle-gard,lsquic,lsquic,none,17,3177.0323562312565,"[100.0, 100.0, 100.0, 100.0, 100.0, 101.0, 99.0, 101.0, 99.0, 100.0, 100.0, 100.0, 100.0, 100.0, 100.0, 101.0, 99.0, 100.0]",100.0,"[80.0, 79.0, 81.0, 80.0, 80.0, 80.0, 81.0, 81.0, 80.0, 80.0, 80.0, 82.0, 80.0, 81.0, 81.0, 80.0, 80.0]",80.3529411764706,0,0,9085502100,3085050,5986939,36816,0,0,3085050,9085502100,36816,5986939,5986934,0,0,36803,0,0,36803,0,0,5986934,0,0,21.630083981
../../results/offloading/goracle/off/run2,goracle-gard,lsquic,lsquic,none,18,3210.340061597701,"[100.0, 100.0, 100.0, 100.0, 100.0, 100.0, 100.0, 100.0, 100.0, 100.0, 100.0, 100.0, 100.0, 99.0, 99.0, 101.0, 99.0, 100.0, 101.0]",99.94736842105263,"[73.0, 75.0, 73.0, 76.0, 74.0, 74.0, 74.0, 75.0, 75.0, 74.0, 74.0, 75.0, 75.0, 74.0, 86.0, 88.0, 82.0]",76.29411764705883,0,0,9085503007,2880724,5986950,34411,0,0,2880724,9085503007,34411,5986950,5986944,2,0,34393,0,0,34393,0,0,5986946,0,0,21.405668735
../../results/offloading/goracle/off/run2,goracle-gard,lsquic,lsquic,none,19,3226.146252388526,"[100.0, 99.0, 100.0, 101.0, 100.0, 99.0, 101.0, 100.0, 99.0, 101.0, 100.0, 99.0, 101.0, 100.0, 99.0, 101.0, 99.0, 100.0]",99.94444444444444,"[80.0, 81.0, 81.0, 81.0, 81.0, 81.0, 82.0, 81.0, 81.0, 80.0, 82.0, 81.0, 81.0, 81.0, 81.0, 81.0, 81.0]",81.0,0,0,9085502152,2740105,5986945,32660,0,0,2740105,9085502152,32660,5986945,5986940,0,0,32645,0,0,32645,0,0,5986940,0,0,21.3007938
../../results/offloading/goracle/off/run2,goracle-gard,lsquic,lsquic,none,20,3209.6560161354637,"[100.0, 101.0, 100.0, 100.0, 100.0, 99.0, 101.0, 100.0, 100.0, 99.0, 101.0, 99.0, 101.0, 100.0, 99.0, 101.0, 100.0, 99.0, 101.0]",100.05263157894737,"[81.0, 80.0, 81.0, 81.0, 80.0, 82.0, 80.0, 80.0, 82.0, 81.0, 80.0, 81.0, 80.0, 80.0, 81.0, 81.0]",80.6875,0,0,9085502542,2832774,5986948,33776,0,0,2832774,9085502542,33776,5986948,5986943,0,0,33765,0,0,33765,0,0,5986943,0,0,21.410230263
../../results/offloading/goracle/off/run2,goracle-gard,lsquic,lsquic,none,21,3210.9910901327667,"[100.0, 100.0, 100.0, 101.0, 99.0, 100.0, 101.0, 99.0, 100.0, 100.0, 100.0, 100.0, 100.0, 100.0, 100.0, 100.0, 100.0, 100.0, 101.0]",100.05263157894737,"[82.0, 80.0, 82.0, 81.0, 82.0, 81.0, 82.0, 81.0, 82.0, 81.0, 82.0, 82.0, 81.0, 82.0, 82.0, 81.0]",81.5,0,0,9085502415,2654982,5986947,31627,0,0,2654710,9085502143,31626,5986946,5986941,0,0,31603,0,0,31603,0,0,5986941,0,0,21.401329717
../../results/offloading/goracle/off/run2,goracle-gard,lsquic,lsquic,none,22,3197.2094335145653,"[100.0, 100.0, 100.0, 100.0, 100.0, 100.0, 100.0, 100.0, 99.0, 101.0, 100.0, 100.0, 100.0, 100.0, 100.0, 100.0, 100.0, 100.0, 100.0]",100.0,"[81.0, 80.0, 81.0, 81.0, 80.0, 81.0, 82.0, 80.0, 81.0, 81.0, 81.0, 81.0, 81.0, 81.0, 80.0, 82.0]",80.875,0,0,9085502661,2723608,5986949,32460,0,0,2723608,9085502661,32460,5986949,5986943,0,0,32430,0,0,32430,0,0,5986943,0,0,21.493580767
../../results/offloading/goracle/off/run2,goracle-gard,lsquic,lsquic,none,23,3248.3759053758668,"[100.0, 99.0, 100.0, 100.0, 100.0, 100.0, 101.0, 99.0, 100.0, 100.0, 99.0, 100.0, 100.0, 101.0, 99.0, 101.0, 99.0, 100.0]",99.88888888888889,"[80.0, 83.0, 81.0, 82.0, 82.0, 82.0, 82.0, 83.0, 82.0, 82.0, 81.0, 82.0, 82.0, 81.0, 82.0, 82.0, 81.0]",81.76470588235294,0,0,9085502042,2550816,5986946,30376,0,0,2551088,9085502314,30377,5986947,5986942,0,0,30368,0,0,30368,0,0,5986942,0,0,21.155025544
../../results/offloading/goracle/off/run2,goracle-gard,lsquic,lsquic,none,24,3203.4713333282984,"[100.0, 100.0, 99.0, 100.0, 101.0, 100.0, 99.0, 101.0, 99.0, 101.0, 98.02, 100.0, 101.0, 100.0, 100.0, 100.0, 100.0, 100.0]",99.94555555555556,"[81.0, 80.0, 80.0, 81.0, 81.0, 80.0, 81.0, 81.0, 80.0, 80.0, 81.0, 79.0, 81.0, 80.0, 81.0, 81.0, 81.0]",80.52941176470588,0,0,9085502472,2959545,5986946,35302,0,0,2959817,9085502744,35303,5986947,5986941,0,0,35277,0,0,35277,0,0,5986941,0,0,21.451565705
../../results/offloading/goracle/off/run2,goracle-gard,lsquic,lsquic,none,25,3225.9313497616427,"[100.0, 100.0, 100.0, 99.0, 101.0, 99.0, 100.0, 100.0, 101.0, 100.0, 100.0, 100.0, 100.0, 100.0, 99.0, 100.0, 101.0, 100.0]",100.0,"[81.0, 82.0, 83.0, 82.0, 83.0, 82.0, 83.0, 81.0, 82.0, 83.0, 82.0, 82.0, 82.0, 82.0, 82.0, 83.0, 81.0]",82.11764705882354,0,0,9085502047,2590896,5986946,30865,0,0,2590896,9085502047,30865,5986946,5986941,0,0,30842,0,0,30842,0,0,5986941,0,0,21.302213287
../../results/offloading/goracle/off/run2,goracle-gard,lsquic,lsquic,none,26,3250.6474374963427,"[100.0, 101.0, 99.0, 100.0, 101.0, 100.0, 100.0, 100.0, 100.0, 100.0, 99.0, 100.0, 101.0, 100.0, 100.0, 100.0, 100.0, 99.0]",100.0,"[82.0, 82.0, 81.0, 82.0, 82.0, 82.0, 83.0, 84.0, 83.0, 83.0, 83.0, 83.0, 83.0, 84.0, 82.0, 83.0]",82.625,0,0,9085501967,2465430,5986946,29349,0,0,2465430,9085501967,29349,5986946,5986941,0,0,29344,0,0,29344,0,0,5986941,0,0,21.140243538
../../results/offloading/goracle/off/run2,goracle-gard,lsquic,lsquic,none,27,3177.559303108589,"[100.0, 100.0, 100.0, 100.0, 99.0, 100.0, 100.0, 100.0, 101.0, 99.0, 101.0, 100.0, 99.0, 101.0, 99.0, 101.0, 99.0, 101.0, 100.0]",100.0,"[78.0, 80.0, 81.0, 81.0, 81.0, 80.0, 81.0, 80.0, 81.0, 81.0, 80.0, 80.0, 82.0, 81.0, 81.0, 81.0, 81.0]",80.58823529411765,0,0,9085502649,2952991,5986948,35223,0,0,2952991,9085502649,35223,5986948,5986943,0,0,35200,0,0,35200,0,0,5986943,0,0,21.626496863
../../results/offloading/goracle/off/run2,goracle-gard,lsquic,lsquic,none,28,3228.70031682098,"[100.0, 99.01, 100.0, 100.0, 101.0, 99.0, 101.0, 99.0, 100.0, 101.0, 99.0, 100.0, 100.0, 100.0, 100.0, 100.0, 100.0, 100.0]",99.945,"[83.0, 82.0, 82.0, 82.0, 83.0, 83.0, 82.0, 83.0, 83.0, 82.0, 83.0, 82.0, 83.0, 82.18, 83.0, 82.0]",82.51125,0,0,9085502250,2494443,5986949,29699,0,0,2494443,9085502250,29699,5986949,5986943,0,0,29680,0,0,29680,0,0,5986944,0,0,21.283943907
../../results/offloading/goracle/off/run2,goracle-gard,lsquic,lsquic,none,29,3221.1944176725674,"[101.0, 100.0, 100.0, 100.0, 99.0, 100.0, 101.0, 99.0, 101.0, 100.0, 100.0, 100.0, 100.0, 100.0, 100.0, 100.0, 99.0, 101.0]",100.05555555555556,"[71.0, 73.0, 73.0, 73.0, 74.0, 73.0, 73.0, 73.0, 73.0, 73.0, 73.0, 72.28, 73.0, 73.0, 73.0, 74.0, 72.0]",72.89882352941176,0,0,9085503369,3796316,5986946,45484,0,0,3796044,9085503097,45483,5986945,5986940,0,0,45470,0,0,45470,0,0,5986940,0,0,21.333538561
../../results/offloading/goracle/off/run2,goracle-gard,lsquic,lsquic,none,30,3231.1757768305065,"[100.0, 100.0, 100.0, 100.0, 100.0, 100.0, 100.0, 100.0, 100.0, 100.0, 100.0, 100.0, 100.0, 100.0, 100.0, 100.0, 100.0, 99.0]",99.94444444444444,"[82.0, 82.0, 82.0, 82.0, 82.0, 82.0, 82.0, 83.0, 83.0, 82.0, 82.0, 83.0, 82.0, 82.0, 82.0, 83.0]",82.25,0,0,9085502466,2563655,5986949,30512,0,0,2563655,9085502466,30512,5986949,5986940,2,0,30494,0,0,30494,0,0,5986942,0,0,21.267638319
../../results/offloading/goracle/off/run2,goracle-gard,lsquic,lsquic,none,31,3233.600410245001,"[99.0, 100.0, 101.0, 99.0, 101.0, 100.0, 100.0, 99.0, 100.0, 100.0, 100.0, 100.0, 100.0, 101.0, 99.0, 100.0, 100.0, 100.0]",99.94444444444444,"[80.0, 81.0, 80.0, 82.0, 81.0, 81.0, 82.0, 81.0, 81.0, 81.0, 82.0, 82.0, 81.0, 82.0, 81.0, 81.0, 82.0]",81.23529411764706,0,0,9085502458,2720891,5986948,32422,0,0,2721163,9085502730,32423,5986949,5986942,0,0,32407,0,0,32407,0,0,5986943,0,2,21.251690713
../../results/offloading/goracle/off/run2,goracle-gard,lsquic,lsquic,none,32,3207.515797719034,"[99.0, 101.0, 100.0, 99.0, 101.0, 100.0, 99.0, 101.0, 99.0, 100.0, 100.0, 100.0, 100.0, 101.0, 99.0, 100.0, 100.0, 101.0]",100.0,"[81.0, 82.0, 82.0, 82.0, 83.0, 82.0, 81.0, 83.0, 82.0, 82.0, 82.0, 82.0, 82.0, 82.0, 81.0, 82.0, 83.0]",82.0,0,0,9085502208,2543773,5986948,30294,0,0,2544045,9085502480,30295,5986949,5986944,0,0,30276,0,0,30276,0,0,5986944,0,0,21.424516738
../../results/offloading/goracle/off/run2,goracle-gard,lsquic,lsquic,none,33,3191.228472847626,"[99.0, 101.0, 100.0, 100.0, 99.0, 101.0, 100.0, 99.0, 100.0, 100.0, 100.0, 100.0, 101.0, 100.0, 100.0, 99.0, 100.0, 100.0, 100.0]",99.94736842105263,"[80.0, 80.0, 81.0, 80.0, 74.0, 74.0, 73.0, 74.0, 74.0, 73.0, 73.0, 73.0, 74.0, 74.0, 73.0, 73.0, 74.0]",75.11764705882354,0,0,9085502572,3345147,5986944,40008,0,0,3345147,9085502572,40008,5986944,5986939,0,0,39991,0,0,39991,0,0,5986939,0,0,21.53386294
../../results/offloading/goracle/off/run2,goracle-gard,lsquic,lsquic,none,34,3267.7685548207296,"[101.0, 99.0, 100.0, 100.0, 100.0, 100.0, 100.0, 100.0, 100.0, 100.0, 100.0, 100.0, 100.0, 100.0, 100.0, 100.0, 100.0, 101.0]",100.05555555555556,"[82.0, 81.0, 82.0, 82.0, 81.0, 83.0, 82.0, 81.0, 82.0, 82.0, 83.0, 82.0, 82.0, 81.0, 82.0, 82.0]",81.875,0,0,9085502087,2598133,5986946,30956,0,0,2598133,9085502087,30956,5986946,5986941,0,0,30939,0,0,30939,0,0,5986941,0,0,21.029481569
../../results/offloading/goracle/off/run2,goracle-gard,lsquic,lsquic,none,35,3249.548998034698,"[100.0, 100.0, 100.0, 100.0, 100.0, 100.0, 100.0, 100.0, 100.0, 100.0, 100.0, 101.0, 100.0, 100.0, 100.0, 100.0, 100.0, 100.0]",100.05555555555556,"[82.0, 82.0, 83.0, 82.0, 83.0, 83.0, 83.0, 83.0, 84.0, 83.0, 84.0, 84.0, 83.0, 83.0, 84.0, 83.0]",83.0625,0,0,9085501454,2450003,5986940,29164,0,0,2450003,9085501454,29164,5986940,5986933,2,0,29135,0,0,29135,0,0,5986935,0,0,21.147389663
../../results/offloading/goracle/off/run2,goracle-gard,lsquic,lsquic,none,36,3256.1449298779207,"[100.0, 100.0, 101.0, 100.0, 99.0, 101.0, 100.0, 99.0, 101.0, 100.0, 100.0, 100.0, 100.0, 100.0, 100.0, 100.0, 100.0, 100.0]",100.05555555555556,"[81.0, 81.0, 80.0, 81.0, 80.0, 81.0, 81.0, 81.0, 81.0, 81.0, 81.0, 81.0, 80.0, 82.0, 81.0, 82.0, 81.0]",80.94117647058823,0,0,9085502268,2585738,5986948,30790,0,0,2585738,9085502268,30790,5986948,5986943,0,0,30771,0,0,30771,0,0,5986943,0,1,21.104551466
../../results/offloading/goracle/off/run2,goracle-gard,lsquic,lsquic,none,37,3218.871119250575,"[101.0, 100.0, 99.0, 101.0, 99.0, 100.0, 101.0, 99.0, 100.0, 101.0, 100.0, 99.0, 100.0, 101.0, 99.0, 101.0, 99.0, 101.0]",100.05555555555556,"[80.0, 82.0, 81.0, 81.0, 82.0, 82.0, 81.0, 81.0, 82.0, 82.0, 81.0, 82.0, 82.0, 81.0, 81.0, 81.0, 82.0]",81.41176470588235,0,0,9085502527,2669619,5986948,31810,0,0,2669347,9085502255,31809,5986947,5986943,0,0,31787,0,0,31787,0,0,5986943,0,0,21.348936689
../../results/offloading/goracle/off/run2,goracle-gard,lsquic,lsquic,none,38,3781.1769539911666,"[96.0, 94.0, 95.0, 93.0, 94.0, 92.0, 89.0, 96.0, 92.0, 94.0, 94.0, 92.0, 92.0, 95.0, 94.0, 94.0]",93.5,"[96.0, 97.0, 96.0, 98.0, 98.0, 95.0, 97.0, 97.0, 98.0, 97.0, 97.0, 96.0, 98.0]",96.92307692307692,0,0,9085564623,1383833,5987770,16259,0,0,1383561,9085564351,16258,5987769,5987764,0,0,16225,0,0,16225,0,0,5987764,0,3,18.174096667
../../results/offloading/goracle/off/run2,goracle-gard,lsquic,lsquic,none,39,3211.9355506576385,"[100.0, 100.0, 100.0, 100.0, 99.0, 100.0, 101.0, 99.0, 100.0, 100.0, 101.0, 100.0, 100.0, 99.0, 101.0, 99.0, 100.0, 100.0]",99.94444444444444,"[80.0, 79.0, 81.0, 80.0, 80.0, 80.0, 81.0, 80.0, 81.0, 80.0, 81.0, 81.0, 81.0, 81.0, 80.0, 82.0, 81.0]",80.52941176470588,0,0,9085502964,2948334,5986949,35161,0,0,2948062,9085502692,35160,5986948,5986943,0,0,35147,0,0,35147,0,0,5986943,0,0,21.395035764
../../results/offloading/goracle/off/run2,goracle-gard,lsquic,lsquic,none,40,3214.634968028827,"[100.0, 100.0, 100.0, 100.0, 99.0, 101.0, 100.0, 100.0, 99.0, 101.0, 99.0, 100.0, 101.0, 100.0, 99.0, 101.0, 99.0, 100.0]",99.94444444444444,"[79.0, 80.0, 80.0, 80.0, 80.0, 81.0, 80.0, 79.0, 83.0, 81.0, 81.0, 82.0, 82.0, 81.0, 83.0, 82.0]",80.875,0,0,9085502502,2586997,5986950,30824,0,0,2587269,9085502774,30825,5986951,5986945,0,0,30809,0,0,30809,0,0,5986945,0,1,21.377070088
../../results/offloading/goracle/off/run2,goracle-gard,lsquic,lsquic,none,41,3200.5373486038134,"[100.0, 100.0, 100.0, 99.01, 100.0, 100.0, 100.0, 101.0, 99.0, 101.0, 99.0, 100.0, 100.0, 101.0, 99.0, 100.0, 101.0, 99.0, 101.0]",100.00052631578947,"[73.0, 75.0, 74.0, 73.0, 74.0, 75.0, 74.0, 74.0, 75.0, 75.0, 74.0, 74.0, 74.0, 75.0, 74.0, 73.0]",74.125,0,0,9085502791,3210704,5986946,38404,0,0,3210976,9085503063,38405,5986947,5986941,0,0,38399,0,0,38399,0,0,5986941,0,0,21.471231469
../../results/offloading/goracle/off/run2,goracle-gard,lsquic,lsquic,none,42,3229.2418125150525,"[100.0, 100.0, 100.0, 100.0, 100.0, 99.0, 101.0, 100.0, 99.0, 101.0, 100.0, 100.0, 99.0, 101.0, 100.0, 100.0, 99.0, 101.0]",100.0,"[81.0, 80.0, 81.0, 81.0, 81.0, 81.0, 81.0, 82.0, 81.0, 80.0, 81.0, 82.0, 80.0, 81.0, 82.0, 80.0, 82.0]",81.0,0,0,9085502322,2716255,5986947,32369,0,0,2716255,9085502322,32369,5986947,5986941,0,0,32350,0,0,32350,0,0,5986942,0,0,21.280374207
../../results/offloading/goracle/off/run2,goracle-gard,lsquic,lsquic,none,43,3217.8054978161413,"[100.0, 100.0, 100.0, 101.0, 100.0, 99.0, 101.0, 99.0, 100.0, 100.0, 100.0, 101.0, 99.0, 100.0, 100.0, 100.0, 100.0, 100.0]",100.0,"[80.0, 80.0, 80.0, 81.0, 81.0, 80.0, 80.0, 82.0, 80.0, 80.0, 81.0, 81.0, 81.0, 80.0, 81.0, 80.0]",80.5,0,0,9085502513,2924720,5986947,34883,0,0,2924720,9085502513,34883,5986947,5986942,0,0,34866,0,0,34866,0,0,5986942,0,0,21.356006905
../../results/offloading/goracle/off/run2,goracle-gard,lsquic,lsquic,none,44,3203.0302582392897,"[100.0, 100.0, 100.0, 100.0, 100.0, 99.0, 100.0, 101.0, 100.0, 100.0, 100.0, 100.0, 100.0, 100.0, 100.0, 100.0, 101.0, 98.0]",99.94444444444444,"[80.0, 80.0, 78.0, 81.0, 80.0, 80.0, 82.0, 82.0, 82.0, 82.0, 83.0, 82.0, 82.0, 82.0, 81.19, 82.0, 83.0]",81.30529411764707,0,0,9085502143,2526652,5986947,30081,0,0,2526652,9085502143,30081,5986947,5986941,0,0,30076,0,0,30076,0,0,5986942,0,0,21.454520084
../../results/offloading/goracle/off/run2,goracle-gard,lsquic,lsquic,none,45,3616.787915036416,"[90.0, 90.0, 91.0, 92.0, 90.0, 89.0, 92.0, 86.0, 91.09, 91.0, 88.0, 91.0, 88.0, 88.0, 90.0, 90.0]",89.81812500000001,"[96.0, 96.0, 95.0, 97.0, 96.0, 95.0, 97.0, 95.0, 95.0, 95.0, 95.0, 95.0, 95.0, 95.0]",95.5,0,0,9085584815,1085877,5988042,12645,0,0,1085877,9085584815,12645,5988042,5988037,0,0,12614,0,0,12614,0,0,5988037,0,5,19.000140972
../../results/offloading/goracle/off/run2,goracle-gard,lsquic,lsquic,none,46,3208.4586640505768,"[99.0, 100.0, 101.0, 100.0, 99.0, 100.0, 101.0, 100.0, 100.0, 100.0, 99.0, 101.0, 100.0, 100.0, 99.0, 101.0, 100.0, 99.0, 101.0]",100.0,"[79.0, 80.0, 80.0, 80.0, 81.0, 80.0, 80.0, 80.0, 81.0, 80.0, 80.0, 81.0, 80.0, 81.0, 80.0, 81.0]",80.25,0,0,9085502724,2809099,5986948,33480,0,0,2808827,9085502452,33479,5986947,5986941,0,0,33466,0,0,33466,0,0,5986942,0,0,21.418221464
../../results/offloading/goracle/off/run2,goracle-gard,lsquic,lsquic,none,47,3237.7309691749365,"[100.0, 100.0, 100.0, 100.0, 100.0, 100.0, 100.0, 100.0, 100.0, 100.0, 100.0, 100.0, 101.0, 100.0, 100.0, 99.0, 100.0, 101.0]",100.05555555555556,"[81.0, 81.0, 80.0, 81.0, 81.0, 80.0, 81.0, 82.0, 81.0, 80.0, 81.0, 80.0, 80.0, 81.0, 80.0, 80.0, 81.0]",80.6470588235294,0,0,9085502596,2904603,5986947,34643,0,0,2904331,9085502324,34642,5986946,5986941,0,0,34627,0,0,34627,0,0,5986941,0,0,21.224578966
../../results/offloading/goracle/off/run2,goracle-gard,lsquic,lsquic,none,48,3206.520369585083,"[100.0, 100.0, 99.0, 101.0, 100.0, 100.0, 100.0, 99.0, 101.0, 99.0, 100.0, 101.0, 99.0, 100.0, 100.0, 101.0, 99.0, 101.0, 100.0]",100.0,"[81.0, 83.0, 82.0, 82.0, 82.0, 82.0, 84.0, 81.0, 82.0, 82.0, 83.0, 82.0, 82.0, 82.0, 81.0, 83.0]",82.125,0,0,9085502463,2526173,5986949,30082,0,0,2526173,9085502463,30082,5986949,5986942,0,0,30054,0,0,30054,0,0,5986943,0,0,21.431167751
../../results/offloading/goracle/off/run2,goracle-gard,lsquic,lsquic,none,49,3371.569442986189,"[100.0, 100.0, 100.0, 100.0, 100.0, 100.0, 100.0, 99.01, 101.0, 99.0, 100.0, 100.0, 100.0, 100.0, 101.0, 100.0, 100.0]",100.00058823529412,"[86.0, 86.0, 86.0, 85.0, 86.0, 86.0, 86.0, 85.0, 86.0, 86.0, 84.0, 83.0, 84.0, 84.0, 83.0, 83.0]",84.9375,0,0,9085501823,2370468,5986947,28210,0,0,2370740,9085502095,28211,5986948,5986942,0,0,28183,0,0,28183,0,0,5986942,0,0,20.382044503
../../results/offloading/goracle/off/run2,goracle-gard,lsquic,lsquic,none,50,3193.8338058821178,"[100.0, 101.0, 99.0, 100.0, 100.0, 101.0, 99.0, 100.0, 100.0, 100.0, 99.01, 100.0, 101.0, 100.0, 99.0, 99.0, 102.0, 99.0, 101.0]",100.00052631578947,"[80.0, 80.0, 80.0, 81.0, 81.0, 81.0, 81.0, 81.0, 81.0, 81.0, 81.0, 82.0, 81.0, 81.0, 81.0, 81.0]",80.875,0,0,9085502647,2854084,5986948,34043,0,0,2854356,9085502919,34044,5986949,5986942,0,0,34028,0,0,34028,0,0,5986943,0,0,21.516296958
../../results/offloading/goracle/off/run1,goracle-gard,tcp+tls,tcp+tls,none,1,5308.368316740823,"[91.0, 88.0, 96.0, 100.0, 99.0, 98.0, 87.0, 92.0, 90.0, 92.0, 89.0, 93.0]",92.91666666666667,"[100.0, 101.0, 99.0, 100.0, 99.0, 99.0, 100.0, 101.0]",99.875,0,0,9023264100,29563407,6025597,422387,0,0,29563407,9023264026,422387,6025596,0,0,0,0,0,0,0,0,0,0,0,0,12.945499481
../../results/offloading/goracle/off/run1,goracle-gard,tcp+tls,tcp+tls,none,2,4980.978109768199,"[101.0, 99.0, 101.0, 99.0, 100.0, 100.0, 100.0, 99.0, 100.0, 100.0, 101.0, 91.0, 89.0]",98.46153846153847,"[76.0, 76.0, 74.0, 76.0, 74.0, 75.0, 74.0, 86.0, 87.0]",77.55555555555556,0,0,9029796776,71978369,6118921,1028248,0,0,71978369,9029796776,1028248,6118921,0,0,0,0,0,0,0,0,0,0,0,0,13.7963821
../../results/offloading/goracle/off/run1,goracle-gard,tcp+tls,tcp+tls,none,3,5306.830235663823,"[99.0, 100.0, 99.0, 90.0, 90.0, 90.0, 91.0, 90.0, 90.0, 92.0, 91.0, 89.0]",92.58333333333333,"[88.0, 95.0, 98.0, 100.0, 100.0, 99.0, 100.0, 101.0]",97.625,0,0,9022787116,33863975,6018783,483757,0,0,33863975,9022787116,483757,6018783,0,0,0,0,0,0,0,0,0,0,0,0,12.949251223
../../results/offloading/goracle/off/run1,goracle-gard,tcp+tls,tcp+tls,none,4,5067.479155924985,"[100.0, 101.0, 99.0, 101.0, 100.0, 99.0, 99.0, 100.0, 100.0, 100.0, 91.0, 92.0]",98.5,"[99.0, 91.0, 90.0, 89.0, 95.0, 99.0, 91.0, 89.0, 88.0]",92.33333333333333,0,0,9028787166,57858155,6104498,826531,0,0,57858229,9028787166,826532,6104498,1,0,0,1,0,0,0,0,0,0,0,0,13.560879697
../../results/offloading/goracle/off/run1,goracle-gard,tcp+tls,tcp+tls,none,5,5260.176876784471,"[74.0, 86.0, 83.0, 76.0, 74.0, 69.0, 69.0, 73.0, 71.0, 71.0, 71.0, 71.0]",74.0,"[100.0, 100.0, 100.0, 100.0, 100.0, 100.0, 100.0, 100.0]",100.0,0,0,9024601382,26604257,6044701,380047,0,0,26604257,9024601382,380047,6044701,0,0,0,0,0,0,0,0,0,0,0,0,13.064100503
../../results/offloading/goracle/off/run1,goracle-gard,tcp+tls,tcp+tls,none,6,5011.794196309798,"[100.0, 99.0, 101.0, 100.0, 100.0, 99.0, 99.0, 100.0, 101.0, 99.0, 100.0, 100.0, 101.0]",99.92307692307692,"[70.0, 71.0, 70.0, 70.0, 69.0, 70.0, 84.0, 84.0, 87.0]",75.0,0,0,9029840954,67049479,6119555,957838,0,0,67049751,9029841226,957839,6119556,0,0,0,0,0,0,0,0,0,0,0,0,13.711552073
../../results/offloading/goracle/off/run1,goracle-gard,tcp+tls,tcp+tls,none,7,4973.582831918254,"[100.0, 100.0, 99.0, 100.0, 101.0, 100.0, 99.0, 100.0, 101.0, 100.0, 100.0, 99.0]",99.91666666666667,"[90.0, 90.0, 90.0, 91.0, 91.0, 95.0, 93.0, 92.0, 84.0]",90.66666666666667,0,0,9029219486,54529527,6110674,778979,0,0,54529527,9029219486,778979,6110674,3,0,0,0,0,0,3,0,0,0,0,0,13.816895825
../../results/offloading/goracle/off/run1,goracle-gard,tcp+tls,tcp+tls,none,8,5391.926841227181,"[101.0, 99.0, 101.0, 100.0, 99.0, 101.0, 99.0, 101.0, 86.0, 76.0, 78.0]",94.63636363636364,"[80.0, 81.0, 79.0, 80.0, 80.0, 81.0, 80.0, 79.0]",80.0,0,0,9028775056,64103427,6104325,915749,0,0,64103427,9028775056,915749,6104325,1,0,0,1,0,0,1,0,0,1,0,0,12.744882461
../../results/offloading/goracle/off/run1,goracle-gard,tcp+tls,tcp+tls,none,9,5548.001455796333,"[92.0, 87.0, 86.0, 88.0, 86.0, 87.0, 86.0, 87.0, 101.0, 99.0, 98.0, 88.0]",90.41666666666667,"[100.0, 100.0, 100.0, 100.0, 100.0, 100.0, 96.0, 86.14]",97.7675,0,0,9024812846,38968831,6047722,556683,0,0,38968831,9024812846,556683,6047722,0,0,0,0,0,0,0,0,0,0,0,0,12.386348764
../../results/offloading/goracle/off/run1,goracle-gard,tcp+tls,tcp+tls,none,10,5387.248409467863,"[99.0, 100.0, 100.0, 100.0, 100.0, 100.0, 100.0, 100.0, 100.0, 100.0, 100.0, 101.0]",100.0,"[99.0, 101.0, 97.0, 97.0, 97.0, 97.0, 96.0, 97.0]",97.625,0,0,9026437686,34099759,6070934,487125,0,0,34099759,9026437686,487125,6070934,0,0,0,0,0,0,0,0,0,0,0,0,12.755951345
../../results/offloading/goracle/off/run1,goracle-gard,quiche,quiche,none,1,2512.454485125531,"[100.0, 100.0, 100.0, 99.0, 101.0, 100.0, 99.0, 101.0, 100.0, 99.0, 100.0, 101.0, 100.0, 100.0, 100.0, 100.0, 100.0, 100.0, 99.01, 100.0, 100.0, 101.0, 99.0, 100.0]",99.95875000000001,"[73.0, 74.0, 75.0, 75.0, 75.0, 73.0, 75.0, 74.0, 75.0, 74.0, 75.0, 74.0, 74.0, 75.0, 74.0, 75.0, 75.0, 74.0, 75.0, 74.0]",74.4,0,0,9247770863,32513213,6624495,339829,0,0,32513485,9247771135,339830,6624496,6624196,0,294,339824,294,0,339824,0,0,6624490,0,0,27.351531498
../../results/offloading/goracle/off/run1,goracle-gard,quiche,quiche,none,2,2960.469068010789,"[100.0, 100.0, 100.0, 100.0, 100.0, 100.0, 100.0, 100.0, 100.0, 100.0, 100.0, 100.0, 100.0, 100.0, 100.0, 99.01, 100.0, 100.0, 100.0, 100.0]",99.9505,"[87.0, 88.0, 88.0, 87.0, 88.0, 88.0, 86.0, 86.0, 87.0, 88.0, 87.0, 88.0, 87.0, 87.0, 88.0, 85.0]",87.1875,0,0,9245222584,26075630,6622669,272756,0,0,26075630,9245222584,272756,6622669,6622612,0,52,272751,52,0,272751,0,0,6622664,0,0,23.212360865
../../results/offloading/goracle/off/run1,goracle-gard,quiche,quiche,none,3,2520.703867750954,"[98.0, 100.0, 99.01, 100.0, 100.0, 100.0, 100.0, 99.0, 100.0, 100.0, 100.0, 100.0, 99.0, 101.0, 100.0, 100.0, 100.0, 100.0, 100.0, 100.0, 100.0, 100.0, 100.0, 100.0]",99.83375000000001,"[60.0, 60.0, 61.0, 60.0, 60.0, 60.0, 72.0, 77.0, 76.0, 77.0, 78.0, 77.0, 78.0, 76.0, 78.0, 76.0, 77.0, 76.0, 78.0, 76.0, 77.0]",71.9047619047619,0,0,9247916953,33818904,6624597,353431,0,0,33818904,9247916953,353431,6624597,6624422,0,170,353426,170,0,353426,0,0,6624592,0,0,27.262019438
../../results/offloading/goracle/off/run1,goracle-gard,quiche,quiche,none,4,2515.238841205416,"[99.0, 100.0, 100.0, 100.0, 100.0, 100.0, 99.0, 99.01, 101.0, 100.0, 99.0, 100.0, 100.0, 100.0, 100.0, 101.0, 100.0, 100.0, 100.0, 99.0, 100.0, 100.0, 101.0, 100.0]",99.91708333333334,"[74.0, 70.0, 69.0, 69.0, 70.0, 69.0, 60.0, 60.0, 58.0, 61.0, 59.0, 58.0, 59.0, 59.0, 61.0, 69.0, 74.0, 74.0, 74.0, 75.0]",66.1,0,0,9249199261,32857945,6625519,343426,0,0,32857673,9249198989,343425,6625518,6624326,0,1187,343420,1187,0,343420,0,0,6625513,0,0,27.321253707
../../results/offloading/goracle/off/run1,goracle-gard,quiche,quiche,none,5,2484.8339448257802,"[100.0, 101.0, 99.0, 101.0, 99.0, 99.0, 100.0, 100.0, 100.0, 101.0, 99.0, 100.0, 100.0, 100.0, 100.0, 100.0, 100.0, 100.0, 100.0, 100.0, 100.0, 100.0, 100.0, 100.0]",99.95833333333333,"[60.0, 60.0, 64.0, 75.0, 71.0, 75.0, 76.0, 75.0, 75.0, 75.0, 76.0, 75.0, 75.0, 75.0, 77.0, 75.0, 74.0, 71.0, 72.0, 71.0, 74.0]",72.42857142857143,0,0,9247869030,32639816,6624565,341149,0,0,32639816,9247869030,341149,6624565,6624272,0,287,341143,287,0,341143,0,0,6624559,0,0,27.655561091
../../results/offloading/goracle/off/run1,goracle-gard,quiche,quiche,none,6,2513.75614272742,"[100.0, 100.0, 100.0, 100.0, 100.0, 100.0, 100.0, 100.0, 100.0, 100.0, 100.0, 100.0, 100.0, 100.0, 100.0, 100.0, 100.0, 100.0, 100.0, 100.0, 100.0, 100.0, 100.0, 100.0]",100.0,"[76.0, 76.0, 75.0, 76.0, 75.0, 77.0, 76.0, 75.0, 76.0, 75.0, 75.0, 76.0, 76.0, 76.0, 75.0, 76.0, 75.0, 77.0, 75.0, 76.0]",75.7,0,0,9247659776,32540466,6624415,340110,0,0,32540674,9247659984,340110,6624415,6624166,0,243,340104,243,0,340104,0,0,6624409,0,0,27.337367761
../../results/offloading/goracle/off/run1,goracle-gard,quiche,quiche,none,7,2603.1466546034094,"[96.0, 99.0, 101.0, 99.0, 101.0, 99.01, 100.0, 100.0, 100.0, 100.0, 100.0, 100.0, 100.0, 100.0, 100.0, 99.0, 101.0, 99.0, 100.0, 101.0, 100.0, 99.0, 100.0, 100.0]",99.75041666666668,"[78.0, 77.0, 77.0, 78.0, 75.0, 77.0, 77.0, 77.0, 76.0, 76.0, 77.0, 77.0, 76.0, 76.0, 77.0, 77.0, 75.25, 78.0, 76.0, 77.0]",76.7125,0,0,9247216405,32662039,6624097,341373,0,0,32661975,9247216341,341372,6624096,6624091,0,0,341367,0,0,341367,0,0,6624091,0,0,26.398619298
../../results/offloading/goracle/off/run1,goracle-gard,quiche,quiche,none,8,2540.6625277558956,"[96.0, 100.0, 100.0, 99.0, 100.0, 100.0, 99.0, 100.0, 101.0, 100.0, 100.0, 100.0, 98.0, 100.0, 99.0, 101.0, 100.0, 99.0, 100.0, 101.0, 100.0, 100.0, 99.0, 101.0]",99.70833333333333,"[77.0, 75.0, 76.0, 71.0, 71.0, 70.0, 70.0, 70.0, 71.0, 71.0, 70.0, 77.0, 70.0, 74.0, 77.0, 75.0, 76.0, 76.0, 77.0, 76.0, 75.0]",73.57142857142857,0,0,9249672807,32007191,6625863,334555,0,0,32006855,9249672471,334553,6625861,6624117,0,1740,334549,1740,0,334549,0,0,6625857,0,0,27.047857019
../../results/offloading/goracle/off/run1,goracle-gard,quiche,quiche,none,9,2551.655989298707,"[101.0, 100.0, 100.0, 100.0, 99.0, 100.0, 100.0, 100.0, 100.0, 101.0, 99.0, 100.0, 100.0, 100.0, 100.0, 100.0, 100.0, 100.0, 100.0, 100.0, 100.0, 100.0, 101.0]",100.04347826086956,"[77.0, 76.0, 76.0, 76.0, 76.0, 76.0, 77.0, 76.0, 77.0, 76.0, 77.0, 75.0, 78.0, 76.0, 77.0, 77.0, 75.0, 78.0, 76.0, 77.0, 77.0]",76.47619047619048,0,0,9247202111,32424584,6624086,338900,0,0,32424584,9247202111,338900,6624086,6624080,0,0,338894,0,0,338894,0,0,6624080,0,0,26.93132417
../../results/offloading/goracle/off/run1,goracle-gard,quiche,quiche,none,10,2520.0734338561315,"[95.0, 100.0, 100.0, 100.0, 100.0, 100.0, 100.0, 100.0, 100.0, 100.0, 100.0, 100.0, 100.0, 100.0, 101.0, 99.0, 100.0, 100.0, 100.0, 100.0, 100.0, 100.0, 100.0, 100.0, 100.0]",99.8,"[74.0, 75.0, 74.0, 75.0, 74.0, 74.0, 75.0, 74.0, 76.0, 73.0, 75.0, 74.0, 74.0, 75.0, 75.0, 74.0, 74.0, 75.0, 74.0, 75.0]",74.45,0,0,9245956845,36069099,6623195,376864,0,0,36069307,9245957053,376864,6623195,6623189,0,0,376858,0,0,376858,0,0,6623189,0,0,27.26883885
../../results/offloading/goracle/off/run1,goracle-gard,lsquic,lsquic,none,1,3261.6481993258135,"[100.0, 100.0, 99.0, 101.0, 99.0, 100.0, 101.0, 100.0, 100.0, 100.0, 100.0, 100.0, 100.0, 100.0, 100.0, 100.0, 100.0, 100.0]",100.0,"[82.0, 81.0, 82.0, 81.0, 81.0, 82.0, 81.0, 82.0, 82.0, 81.0, 82.0, 82.0, 82.0, 82.0, 81.0, 82.0]",81.625,0,0,9085502641,2607171,5986950,31057,0,0,2606899,9085502369,31056,5986949,5986944,0,0,31027,0,0,31027,0,0,5986944,0,0,21.068942215
../../results/offloading/goracle/off/run1,goracle-gard,lsquic,lsquic,none,2,3243.351208525661,"[101.0, 100.0, 100.0, 99.0, 100.0, 101.0, 100.0, 100.0, 100.0, 99.0, 100.0, 101.0, 100.0, 100.0, 100.0, 100.0, 100.0, 100.0]",100.05555555555556,"[83.0, 83.0, 83.0, 83.0, 83.0, 82.0, 84.0, 84.0, 83.0, 83.0, 83.0, 82.0, 84.0, 82.0, 84.0, 83.0, 82.0]",83.0,0,0,9085502485,2502003,5986950,29792,0,0,2501731,9085502213,29791,5986949,5986944,0,0,29768,0,0,29768,0,0,5986944,0,0,21.187800157
../../results/offloading/goracle/off/run1,goracle-gard,lsquic,lsquic,none,3,3270.92228078121,"[100.0, 100.0, 99.0, 100.0, 100.0, 99.01, 101.0, 100.0, 99.0, 100.0, 100.0, 100.0, 101.0, 100.0, 99.0, 100.0, 100.0, 101.0]",99.945,"[82.0, 84.0, 84.0, 83.0, 83.0, 82.0, 83.0, 81.0, 83.0, 82.0, 82.0, 82.0, 82.0, 83.0, 82.0, 82.0]",82.5,0,0,9085502062,2543759,5986947,30298,0,0,2544031,9085502334,30299,5986948,5986942,0,0,30269,0,0,30269,0,0,5986942,0,0,21.009205083
../../results/offloading/goracle/off/run1,goracle-gard,lsquic,lsquic,none,4,3266.983713686441,"[100.0, 100.0, 100.0, 100.0, 100.0, 100.0, 100.0, 100.0, 100.0, 100.0, 100.0, 100.0, 100.0, 101.0, 99.0, 100.0, 100.0, 101.0]",100.05555555555556,"[85.0, 84.0, 84.0, 84.0, 85.0, 84.0, 84.0, 84.0, 84.0, 85.0, 85.0, 85.0, 84.0, 85.0, 85.0, 84.0]",84.4375,0,0,9085501965,2422516,5986947,28835,0,0,2422788,9085502237,28836,5986948,5986943,0,0,28823,0,0,28822,0,0,5986942,0,0,21.034532908
../../results/offloading/goracle/off/run1,goracle-gard,lsquic,lsquic,none,5,3249.874025562402,"[99.0, 100.0, 100.0, 100.0, 100.0, 101.0, 99.0, 100.0, 100.0, 101.0, 99.0, 100.0, 101.0, 99.0, 100.0, 100.0, 100.0, 100.0]",99.94444444444444,"[81.0, 81.0, 81.0, 82.0, 81.0, 82.0, 81.0, 82.0, 81.0, 82.0, 82.0, 81.0, 81.0, 82.0, 83.0, 81.0]",81.5,0,0,9085502264,2683649,5986947,31977,0,0,2683921,9085502536,31978,5986948,5986942,0,0,31956,0,0,31956,0,0,5986942,0,0,21.145273648
../../results/offloading/goracle/off/run1,goracle-gard,lsquic,lsquic,none,6,3236.176811128464,"[100.0, 100.0, 100.0, 100.0, 100.0, 100.0, 101.0, 99.0, 100.0, 101.0, 99.0, 101.0, 99.0, 101.0, 99.0, 100.0, 100.0, 100.0, 100.0]",100.0,"[83.0, 83.0, 82.0, 83.0, 83.0, 82.0, 84.0, 83.0, 82.0, 83.0, 84.0, 83.0, 84.0, 82.0, 83.0, 82.0]",82.875,0,0,9085502001,2506577,5986946,29845,0,0,2506577,9085502001,29845,5986946,5986941,0,0,29826,0,0,29826,0,0,5986941,0,0,21.234771536
../../results/offloading/goracle/off/run1,goracle-gard,lsquic,lsquic,none,7,3282.8829901750187,"[100.0, 101.0, 99.0, 100.0, 99.01, 100.0, 100.0, 100.0, 100.0, 100.0, 100.0, 100.0, 101.0, 99.0, 101.0, 100.0, 99.0, 101.0]",100.00055555555555,"[80.0, 79.0, 80.0, 80.0, 78.0, 80.0, 79.0, 80.0, 79.0, 79.0, 80.0, 79.0, 79.0, 81.0, 79.0, 79.0]",79.4375,0,0,9085502387,2690434,5986948,32065,0,0,2690434,9085502387,32065,5986948,5986943,0,0,32052,0,0,32052,0,0,5986943,0,0,20.932660927
../../results/offloading/goracle/off/run1,goracle-gard,lsquic,lsquic,none,8,3241.9719650321035,"[100.0, 101.0, 99.0, 101.0, 100.0, 100.0, 100.0, 100.0, 99.0, 100.0, 101.0, 100.0, 100.0, 100.0, 100.0, 100.0, 98.02, 101.0]",100.00111111111111,"[84.0, 83.0, 83.0, 84.0, 82.0, 82.0, 84.0, 83.0, 83.0, 82.0, 84.0, 82.0, 84.0, 82.0, 83.0, 85.0, 84.0]",83.17647058823529,0,0,9085502122,2468848,5986948,29390,0,0,2468848,9085502122,29390,5986948,5986943,0,0,29369,0,0,29369,0,0,5986943,0,0,21.196813838
../../results/offloading/goracle/off/run1,goracle-gard,lsquic,lsquic,none,9,3294.87446231334,"[101.0, 100.0, 99.0, 100.0, 100.0, 101.0, 100.0, 99.0, 101.0, 99.0, 100.0, 100.0, 100.0, 100.0, 100.0, 101.0, 99.0]",100.0,"[84.0, 85.0, 85.0, 86.0, 84.0, 85.0, 84.0, 85.0, 85.0, 85.0, 85.0, 85.0, 85.0, 85.0, 85.0, 85.0]",84.875,0,0,9085501821,2312730,5986947,27510,0,0,2312730,9085501821,27510,5986947,5986941,2,0,27496,0,0,27496,0,0,5986943,0,1,20.856478066
../../results/offloading/goracle/off/run1,goracle-gard,lsquic,lsquic,none,10,3253.457629238694,"[100.0, 99.0, 101.0, 99.0, 100.0, 101.0, 99.0, 100.0, 100.0, 100.0, 100.0, 100.0, 101.0, 99.0, 100.0, 100.0, 101.0, 99.0]",99.94444444444444,"[83.0, 83.0, 83.0, 81.0, 83.0, 82.0, 82.0, 83.0, 83.0, 84.0, 85.0, 83.0, 83.0, 83.0, 84.0, 82.0]",82.9375,0,0,9085502093,2490571,5986947,29650,0,0,2490571,9085502093,29650,5986947,5986941,0,0,29639,0,0,29639,0,0,5986942,0,0,21.121983762
